N,fp16_lut_count,fp16_lutram_count,fp16_dsp_count,fp16_bram_count,fp16_ff_count,fp16_total_power_w,fp16_wns_ns,fp16_critical_path_delay_ns,fp16_clock_period_ns,mixed_lut_count,mixed_lutram_count,mixed_dsp_count,mixed_bram_count,mixed_ff_count,mixed_total_power_w,mixed_wns_ns,mixed_critical_path_delay_ns,mixed_clock_period_ns,ratio_lut_count,ratio_dsp_count,ratio_bram_count,ratio_ff_count,ratio_total_power_w,ratio_critical_path_delay_ns
2,2346,69,4,0,343,0.074,20.510,59.435,80.0,681,39,4,0,228,0.070,59.211,20.734,80.0,3.44x,1.00x,,1.50x,1.06x,2.87x
4,2778,73,5,4,93,0.076,13.129,66.546,80.0,753,43,6,4,112,0.072,55.625,24.050,80.0,3.69x,0.83x,1.00x,0.83x,1.06x,2.77x
8,2788,78,5,4,103,0.076,12.385,67.290,80.0,792,46,6,4,119,0.073,55.376,24.299,80.0,3.52x,0.83x,1.00x,0.87x,1.04x,2.77x
16,2750,87,6,4,121,0.077,12.170,67.505,80.0,1143,70,10,4,133,0.073,43.764,35.911,80.0,2.41x,0.60x,1.00x,0.91x,1.05x,1.88x
32,2848,103,6,4,154,0.077,13.600,66.075,80.0,1185,73,10,4,149,0.073,44.366,35.309,80.0,2.40x,0.60x,1.00x,1.03x,1.05x,1.87x
64,2892,107,6,4,161,0.081,13.079,66.596,80.0,1172,75,10,4,143,0.073,44.185,35.490,80.0,2.47x,0.60x,1.00x,1.13x,1.11x,1.88x
128,2942,109,6,4,165,0.081,13.079,66.596,80.0,1188,77,10,4,148,0.073,44.185,35.490,80.0,2.48x,0.60x,1.00x,1.11x,1.11x,1.88x
256,2969,111,6,4,169,0.078,13.079,66.596,80.0,1202,79,10,4,151,0.073,44.662,35.013,80.0,2.47x,0.60x,1.00x,1.12x,1.07x,1.90x
512,2998,113,6,4,173,0.078,13.079,66.596,80.0,1239,81,10,4,156,0.073,44.185,35.490,80.0,2.42x,0.60x,1.00x,1.11x,1.07x,1.88x
1024,3009,115,6,4,177,0.082,13.079,66.596,80.0,1317,83,10,4,168,0.073,44.188,35.487,80.0,2.28x,0.60x,1.00x,1.05x,1.12x,1.88x
