N,exec_cycles,e2e_cycles,lut_count,lutram_count,dsp_count,bram_count,ff_count,dynamic_power_w,static_power_w,total_power_w,dynamic_power_vectorless_w,critical_path_delay_ns,fmax_mhz,wns_ns,saif_used,saif_read,opt_design_ran,use_dsp,dsp48_primitives,checksum_match,saif_checksum,pwr_checksum,saif_coverage,saif_nets_matched,saif_nets_total,compute_throughput_tps,compute_throughput_per_klut,compute_energy_nj,compute_throughput_per_W_tpj,e2e_throughput_tps,e2e_throughput_per_klut,e2e_energy_nj,e2e_throughput_per_W_tpj
2,18,27,2470,69,4,0,442,0.024,0.068,0.093,0.069,23.912,41.82000669120107,-13.912,1,1,1,1,4,1,6048a89e,6048a89e,0.3672,1368,3725,2323333.7050667265,940620.9332253953,4.32,231481481.48148146,1548889.1367111509,627080.6221502635,6.48,154320987.65432099
4,35,52,2911,73,5,4,225,0.050,0.069,0.118,0.083,24.32,41.118421052631575,-14.320,0,1,1,1,5,1,673a4ad7,673a4ad7,0.0971,413,4254,1174812.0300751878,403576.7880711741,,,790738.866396761,271638.2227402133,,
8,57,90,2919,78,5,4,236,0.066,0.069,0.135,0.086,24.32,41.118421052631575,-14.320,1,1,1,1,5,1,3fe3a8c2,3fe3a8c2,0.1031,441,4276,721375.8079409047,247131.14352206397,37.62,26581605.528973952,456871.34502923966,156516.39089730717,59.400000000000006,16835016.83501683
16,91,156,2901,87,6,4,253,0.078,0.069,0.147,0.088,24.32,41.118421052631575,-14.320,1,1,1,1,6,1,460e75b4,460e75b4,0.1131,482,4261,451850.7807981491,155756.90479081322,70.98,14088475.626937164,263579.62213225366,90858.1944613077,121.67999999999999,8218277.449046681
32,153,282,3031,103,6,4,286,0.086,0.069,0.155,0.092,24.32,41.118421052631575,-14.320,1,1,1,1,6,1,b16f383d,b16f383d,0.131,585,4464,268747.8500171998,88666.39723431204,131.57999999999998,7599939.200486397,145810.00373273608,48106.236797339516,242.51999999999998,4123371.2683490026
64,279,536,3055,107,6,4,293,0.093,0.069,0.161,0.094,24.32,41.118421052631575,-14.320,1,1,1,1,6,1,f548e5ea,f548e5ea,0.1339,607,4534,147377.8532352386,48241.52315392426,259.46999999999997,3854010.097506456,76713.47211311861,25110.79283571804,498.48,2006098.539560263
128,549,1062,3132,109,6,4,298,0.095,0.069,0.163,0.095,24.32,41.118421052631575,-14.320,1,1,1,1,6,1,18ea2b09,18ea2b09,0.1459,677,4640,74896.94180807208,23913.455238848044,521.55,1917361.7102866457,38717.91059569828,12362.040420082465,1008.9,991178.5112498761
256,1139,2164,3143,111,6,4,301,0.098,0.069,0.166,0.097,24.32,41.118421052631575,-14.320,1,1,1,1,6,1,fe7e7ae4,fe7e7ae4,0.1495,700,4683,36100.45746499699,11485.987103085266,1116.22,895880.7403558438,19001.11878587411,6045.535725699686,2120.7200000000003,471537.9682372024
512,2433,4482,3126,113,6,4,306,0.098,0.069,0.167,0.097,24.32,41.118421052631575,-14.320,1,1,1,1,6,1,e8ebfaa4,e8ebfaa4,0.1474,686,4655,16900.29636359703,5406.364799615173,2384.34,419403.27302314265,9174.12339416144,2934.780356417607,4392.36,227668.04178163904
1024,5263,9360,3179,115,6,4,309,0.100,0.069,0.169,0.114,24.32,41.118421052631575,-14.320,1,1,1,1,6,1,11ae42e7,11ae42e7,0.1476,702,4755,7812.73438203146,2457.60754389162,5263.000000000001,190005.7001710051,4392.993702204228,1381.8791136219654,9360.0,106837.60683760684
