_track,N,closing_period_ns,slack_at_closing_ns,measured_fmax_mhz,extrapolated_crit_ns,extrapolated_fmax_mhz,extrapolation_error_pct,luts,probes,note
Mixed FP4/FP8,2,20.63,0.254,48.47309743092584,25.625999999999998,39.022867400296576,-19.495824553188164,669.0,8,
Mixed FP4/FP8,4,23.58,0.294,42.40882103477524,28.08,35.612535612535616,-16.025641025641026,721.0,8,
Mixed FP4/FP8,8,23.87,0.266,41.89359028068705,27.866,35.88602598148281,-14.340055982200527,766.0,8,
Mixed FP4/FP8,16,37.42,0.691,26.72367717797969,39.918,25.051355278320557,-6.257828548524469,1134.0,6,
Mixed FP4/FP8,32,33.11,0.124,30.202355783751134,39.11,25.568908207619536,-15.341344924571722,1164.0,8,
Mixed FP4/FP8,64,34.43,0.776,29.04443799012489,39.421,25.367190076355243,-12.6607645671089,1195.0,8,
Mixed FP4/FP8,128,34.41,0.056,29.06131938390003,38.903,25.704958486492046,-11.54923784798088,1212.0,8,
Mixed FP4/FP8,256,33.36,0.057,29.97601918465228,39.351,25.412314807755838,-15.22451780132652,1226.0,8,
Mixed FP4/FP8,512,32.83,0.139,30.459945172098692,38.83,25.75328354365182,-15.45197012619109,1259.0,8,
Mixed FP4/FP8,1024,33.8,0.115,29.58579881656805,39.795,25.128785023244124,-15.064706621434864,1286.0,8,
