N,solution_id,chromosome,config_type,balance_score,power_W,energy_pJ,area_LUTs,crit_delay_ns,sqnr_dB,sqnr_dB_asreported,exec_cycles,e2e_cycles,candidates
2,1,01,Mixed Precision,1.118034,0.006,960.0,738.0,21.691,41.4807,41.4807,16,25,2
4,4,0100,Mixed Precision,0.204028,0.023,7130.0,805.0,24.983,74.2231,74.2231,31,48,14
8,1,000001,Mixed Precision,0.801284,0.022,11220.0,853.0,25.007,25.9146,25.9146,51,84,16
16,19,10101111,Mixed Precision,0.910915,0.032,26560.0,1252.0,34.952,23.6412,23.6412,83,148,16
32,7,0000111111,Mixed Precision,0.351473,0.035,50050.0,1322.0,35.151,23.9223,23.9223,143,272,8
64,8,000011111111,Mixed Precision,0.334083,0.038,101460.0,1359.0,35.161,23.49,23.49,267,524,7
128,5,00001111111111,Mixed Precision,0.867651,0.04,214000.0,1381.0,35.151,23.1862,23.1862,535,1048,24
256,8,0000111111111111,Mixed Precision,0.857168,0.041,460430.0,1392.0,35.161,23.1673,23.1673,1123,2148,22
512,8,000011111111111100,Mixed Precision,0.806646,0.028,676200.0,1424.0,35.161,17.2908,17.2908,2415,4464,19
1024,8,00001111111111110000,Mixed Precision,0.537323,0.029,1520470.0,1452.0,35.161,16.7962,16.7962,5243,9340,13
