N,chromosome,solution_id,design,exec_cycles,e2e_cycles,lut_count,lutram_count,dsp_count,bram_count,ff_count,dynamic_power_w,static_power_w,total_power_w,dynamic_power_vectorless_w,critical_path_delay_ns,fmax_mhz,wns_ns,saif_used,opt_design_ran,use_dsp,checksum_match,saif_checksum,pwr_checksum,saif_coverage,saif_nets_matched,saif_nets_total,compute_throughput_tps,compute_throughput_per_klut,compute_energy_nj,compute_throughput_per_W_tpj,e2e_throughput_tps,e2e_throughput_per_klut,e2e_energy_nj,e2e_throughput_per_W_tpj
2,01,1,mixed_gated_fft_2_sol1,16,25,738,39,4,0,228,0.006,0.068,0.075,0.011,21.691000000000003,46.102069982942226,-11.691,1,1,1,1,99d94ddc,99d94ddc,0.4813,529,1099,2881379.373933889,3904308.0947613674,0.96,1041666666.6666667,1844082.799317689,2498757.180647275,1.5,666666666.6666666
4,0100,4,mixed_gated_fft_4_sol4,31,48,805,43,6,4,112,0.023,0.069,0.091,0.029,24.983,40.02721850858584,-14.983,1,1,1,1,62e4c312,62e4c312,0.5309,695,1309,1291200.5970511562,1603975.896957958,7.13,140252454.41795233,833900.3855955383,1035901.1001186811,11.040000000000001,90579710.14492753
8,000001,1,mixed_gated_fft_8_sol1,51,84,853,46,6,4,119,0.022,0.069,0.091,0.028,25.006999999999998,39.98880313512217,-15.007,1,1,1,1,b58c99bd,b58c99bd,0.6053,828,1368,784094.1791200425,919219.4362485844,11.219999999999999,89126559.71479502,476057.18018002575,558097.5148652119,18.479999999999997,54112554.11255412
16,10101111,19,mixed_gated_fft_16_sol19,83,148,1252,69,10,4,140,0.032,0.069,0.100,0.030,34.952,28.610666056305792,-24.952,1,1,1,1,f66167a8,f66167a8,0.4521,858,1898,344706.81995549146,275324.93606668647,26.560000000000002,37650602.409638554,193315.31119125534,154405.2006319931,47.36,21114864.864864863
32,0000111111,7,mixed_gated_fft_32_sol7,143,272,1322,73,10,4,149,0.035,0.069,0.104,0.032,35.150999999999996,28.448692782566646,-25.151,1,1,1,1,325abca5,325abca5,0.405,793,1958,198941.9075703961,150485.5579201181,50.05000000000001,19980019.980019975,104590.78228884796,79115.56905359149,95.20000000000002,10504201.680672267
64,000011111111,8,mixed_gated_fft_64_sol8,267,524,1359,74,10,4,150,0.038,0.069,0.106,0.032,35.161,28.440601803134154,-25.161,1,1,1,1,620416d9,620416d9,0.4048,812,2006,106519.10787690694,78380.50616402277,101.46,9856100.926473487,54275.957639568995,39938.15867517954,199.12,5022097.22780233
128,00001111111111,5,mixed_gated_fft_128_sol5,535,1048,1381,77,10,4,157,0.040,0.069,0.109,0.033,35.150999999999996,28.448692782566646,-25.151,1,1,1,1,19a03008,19a03008,0.4116,838,2036,53175.12669638625,38504.798476746015,214.00000000000003,4672897.196261682,27145.69922000634,19656.55265749916,419.20000000000005,2385496.1832061065
256,0000111111111111,8,mixed_gated_fft_256_sol8,1123,2148,1392,78,10,4,158,0.041,0.069,0.110,0.033,35.161,28.440601803134154,-25.161,1,1,1,1,749af6d1,749af6d1,0.4107,846,2060,25325.55815060922,18193.64809670203,460.43,2171882.8052038313,13240.50363274402,9511.856058005762,880.68,1135486.2151973476
512,000011111111111100,8,mixed_gated_fft_512_sol8,2415,4464,1424,80,10,4,163,0.028,0.069,0.097,0.033,35.161,28.440601803134154,-25.161,1,1,1,1,c6fd4c5f,c6fd4c5f,0.6938,1464,2110,11776.64670937232,8270.117071188428,676.2,1478852.410529429,6371.102554465537,4474.088872517933,1249.92,800051.2032770097
1024,00001111111111110000,8,mixed_gated_fft_1024_sol8,5243,9340,1452,82,10,4,166,0.029,0.069,0.098,0.033,35.161,28.440601803134154,-25.161,1,1,1,1,dba18120,dba18120,0.6564,1412,2151,5424.490139831042,3735.8747519497538,1520.47,657691.3717468941,3045.0323129693957,2097.129692127683,2708.6000000000004,369194.4177804031
