N,rank,solution_id,chromosome,balance_score,is_reported,on_pareto_front,power_W,area_LUTs,crit_delay_ns,sqnr_dB,energy_pJ,exec_cycles
1024,1,8,00001111111111110000,0.537323,1,1,0.029,1452.0,35.161,16.7962,1520470.0,5243
1024,2,10,00001111111111111100,0.87933,0,1,0.038,1454.0,35.161,17.2831,1992340.0,5243
1024,3,26,00111111111111110000,0.904502,0,0,0.037,1454.0,35.161,16.7962,1939910.0,5243
1024,4,27,00111111111111111100,1.049551,0,1,0.04,1481.0,34.954,17.2831,2097200.0,5243
1024,5,3,00000111111111110000,1.264222,0,1,0.03,1513.0,35.587,16.8107,1572900.0,5243
1024,6,4,00000111111111111100,1.382592,0,1,0.037,1519.0,35.543,17.211,1939910.0,5243
1024,7,15,00101111111111110000,1.438933,0,0,0.031,1536.0,35.598,16.7962,1625330.0,5243
1024,8,12,00010111111111110000,1.44292,0,0,0.037,1519.0,35.543,16.8107,1939910.0,5243
1024,9,13,00100111111111110000,1.47001,0,0,0.03,1542.0,35.598,16.8107,1572900.0,5243
1024,10,20,00110111111111110000,1.471715,0,0,0.037,1524.0,35.543,16.8107,1939910.0,5243
1024,11,14,00100111111111111100,1.594211,0,0,0.038,1543.0,35.554,17.211,1992340.0,5243
1024,12,16,00101111111111111100,1.641484,0,0,0.039,1543.0,35.554,17.2831,2044770.0,5243
1024,13,9,00001111111111110100,1.729573,0,0,0.037,1524.0,35.543,16.1523,1939910.0,5243
