generation,solution_id,fft_size,s0_mult,s0_add,s1_mult,s1_add,s2_mult,s2_add,s3_mult,s3_add,s4_mult,s4_add,s5_mult,s5_add,power_W,area_LUTs,lutrams,dsps,brams,ffs,sqnr_dB,norm_latency,crit_delay_ns,meets_timing,avg_exec_cycles,tot_sim_cycles,fp4_mult_pct,fp8_mult_pct,fp4_add_pct,fp8_add_pct
304,0,64,0,0,0,0,0,0,0,0,0,0,0,0,0.074000,1008,36,9,4,590,9.4100,0.2439,19.509,1,267,5764,100.0,0.0,100.0,0.0
304,1,64,1,1,1,1,1,1,1,1,1,1,1,1,0.075000,1925,68,13,4,597,36.8400,0.5349,42.795,1,267,5764,0.0,100.0,0.0,100.0
304,2,64,1,1,1,1,1,1,0,0,0,0,0,0,0.075000,1979,69,13,4,608,1.7000,0.5350,42.798,1,267,5764,50.0,50.0,50.0,50.0
304,3,64,0,0,0,0,0,0,1,1,1,1,1,1,0.075000,1979,69,13,4,608,10.7300,0.5393,43.147,1,267,5764,50.0,50.0,50.0,50.0
304,4,64,1,0,1,0,1,0,1,0,1,0,1,0,0.074000,1502,54,13,4,602,9.5600,0.4272,34.176,1,267,5764,0.0,100.0,100.0,0.0
304,5,64,0,1,0,1,0,1,0,1,0,1,0,1,0.075000,1307,53,9,4,595,10.8900,0.3560,28.480,1,267,5764,100.0,0.0,0.0,100.0
304,6,64,1,0,1,0,0,0,0,0,0,0,0,0,0.074000,1502,54,13,4,602,9.4100,0.4272,34.176,1,267,5764,66.7,33.3,100.0,0.0
304,7,64,1,1,1,1,0,1,0,0,0,0,1,1,0.076000,1959,69,13,4,608,2.1200,0.5389,43.109,1,267,5764,50.0,50.0,33.3,66.7
304,8,64,1,1,1,1,0,0,0,0,0,0,0,0,0.075000,1972,68,13,4,606,1.3300,0.5349,42.795,1,267,5764,66.7,33.3,66.7,33.3
304,9,64,0,0,1,1,1,1,0,1,0,0,0,1,0.076000,1954,69,13,4,608,10.1300,0.5389,43.109,1,267,5764,66.7,33.3,33.3,66.7
304,10,64,0,1,0,1,1,0,0,1,1,1,1,1,0.076000,1954,69,13,4,608,2.9400,0.5389,43.109,1,267,5764,50.0,50.0,16.7,83.3
304,11,64,1,1,1,0,1,0,0,1,0,1,0,1,0.076000,1954,69,13,4,608,2.3300,0.5389,43.109,1,267,5764,50.0,50.0,33.3,66.7
304,12,64,1,1,0,0,0,0,1,0,1,1,1,0,0.076000,1954,69,13,4,608,2.0800,0.5389,43.109,1,267,5764,33.3,66.7,66.7,33.3
304,13,64,1,1,1,0,0,1,0,0,0,1,1,1,0.076000,1954,69,13,4,608,2.8600,0.5389,43.109,1,267,5764,50.0,50.0,33.3,66.7
304,14,64,0,0,0,1,0,0,0,0,0,1,1,1,0.075000,1954,69,13,4,608,9.9300,0.5389,43.109,1,267,5764,83.3,16.7,50.0,50.0
304,15,64,1,0,1,1,0,0,0,1,0,0,1,1,0.076000,1954,69,13,4,608,9.9000,0.5389,43.109,1,267,5764,50.0,50.0,50.0,50.0
304,16,64,1,1,0,1,1,0,0,1,0,1,0,1,0.076000,1957,69,13,4,608,2.5700,0.5389,43.109,1,267,5764,66.7,33.3,16.7,83.3
304,17,64,0,1,1,0,0,1,1,1,1,1,1,1,0.076000,1952,69,13,4,608,6.4700,0.5389,43.109,1,267,5764,33.3,66.7,16.7,83.3
304,18,64,1,1,0,0,1,1,1,0,0,1,1,0,0.076000,1954,69,13,4,608,2.1900,0.5389,43.109,1,267,5764,33.3,66.7,50.0,50.0
304,19,64,0,0,0,1,1,1,0,0,0,1,1,1,0.076000,1953,69,13,4,608,10.2800,0.5389,43.109,1,267,5764,66.7,33.3,33.3,66.7
304,20,64,1,1,0,1,0,0,1,1,1,0,1,0,0.076000,1954,69,13,4,608,2.1700,0.5389,43.109,1,267,5764,33.3,66.7,50.0,50.0
304,21,64,0,0,0,0,1,0,1,0,1,0,1,1,0.075000,1962,69,13,4,608,9.8200,0.5389,43.109,1,267,5764,33.3,66.7,83.3,16.7
304,22,64,0,0,1,0,1,0,0,1,1,0,0,0,0.075000,1954,69,13,4,608,9.4900,0.5389,43.109,1,267,5764,50.0,50.0,83.3,16.7
304,23,64,1,0,1,1,0,1,0,1,0,0,0,0,0.075000,1957,69,13,4,608,10.0000,0.5389,43.109,1,267,5764,66.7,33.3,50.0,50.0
304,24,64,1,1,1,0,0,1,1,1,1,1,1,1,0.076000,1952,69,13,4,608,9.5700,0.5389,43.109,1,267,5764,16.7,83.3,16.7,83.3
304,25,64,0,1,1,1,0,1,0,1,1,1,0,1,0.075000,1907,69,13,4,599,11.7800,0.5389,43.109,1,267,5764,66.7,33.3,0.0,100.0
304,26,64,1,0,0,1,0,0,0,1,0,1,1,1,0.076000,1954,69,13,4,608,10.1800,0.5389,43.109,1,267,5764,66.7,33.3,33.3,66.7
304,27,64,0,1,0,0,0,0,1,1,0,0,0,0,0.075000,1954,69,13,4,608,1.6900,0.5389,43.109,1,267,5764,83.3,16.7,66.7,33.3
304,28,64,0,1,0,1,0,1,0,0,1,0,0,0,0.075000,1959,69,13,4,608,1.9700,0.5389,43.109,1,267,5764,83.3,16.7,50.0,50.0
305,0,64,0,0,0,1,0,0,0,0,0,0,1,1,0.075000,1954,69,13,4,608,9.8300,0.5389,43.109,1,267,5764,83.3,16.7,66.7,33.3
305,1,64,1,0,0,1,0,0,0,0,0,0,0,0,0.075000,1954,69,13,4,608,9.4100,0.5389,43.109,1,267,5764,83.3,16.7,83.3,16.7
305,2,64,1,1,1,0,0,1,1,1,0,0,1,1,0.076000,1952,69,13,4,608,3.3300,0.5389,43.109,1,267,5764,33.3,66.7,33.3,66.7
305,3,64,0,0,1,1,1,1,0,1,0,0,1,1,0.076000,1954,69,13,4,608,10.3900,0.5389,43.109,1,267,5764,50.0,50.0,33.3,66.7
305,4,64,0,1,1,0,0,1,1,1,1,1,1,0,0.076000,1954,69,13,4,608,2.5600,0.5389,43.109,1,267,5764,33.3,66.7,33.3,66.7
305,5,64,0,1,1,1,0,1,1,1,1,1,0,1,0.075000,1907,69,13,4,599,12.2100,0.5389,43.109,1,267,5764,50.0,50.0,0.0,100.0
305,6,64,0,0,0,0,1,0,0,1,1,0,0,0,0.075000,1954,69,13,4,608,9.4900,0.5389,43.109,1,267,5764,66.7,33.3,83.3,16.7
305,7,64,0,1,1,0,1,0,0,1,0,1,0,1,0.076000,1954,69,13,4,608,2.2300,0.5389,43.109,1,267,5764,66.7,33.3,33.3,66.7
305,8,64,1,1,1,0,0,1,0,0,0,1,0,1,0.076000,1957,69,13,4,608,2.3400,0.5389,43.109,1,267,5764,66.7,33.3,33.3,66.7
305,9,64,0,1,1,0,0,1,1,1,1,1,0,1,0.076000,1952,69,13,4,608,3.9400,0.5389,43.109,1,267,5764,50.0,50.0,16.7,83.3
305,10,64,1,0,1,0,1,0,1,0,0,1,1,0,0.075000,1954,69,13,4,608,9.7000,0.5389,43.109,1,267,5764,16.7,83.3,83.3,16.7
305,11,64,1,1,1,1,0,1,0,0,0,1,1,1,0.076000,1954,69,13,4,608,3.0700,0.5389,43.109,1,267,5764,50.0,50.0,16.7,83.3
305,12,64,0,1,1,0,0,1,0,0,1,0,0,0,0.076000,1954,69,13,4,608,1.9200,0.5389,43.109,1,267,5764,66.7,33.3,66.7,33.3
305,13,64,1,0,1,1,0,1,0,1,1,1,0,0,0.075000,1956,69,13,4,608,10.2400,0.5389,43.109,1,267,5764,50.0,50.0,33.3,66.7
305,14,64,1,0,0,1,0,0,0,1,0,1,0,1,0.076000,1954,69,13,4,608,9.9700,0.5389,43.109,1,267,5764,83.3,16.7,33.3,66.7
305,15,64,1,0,1,0,1,0,1,0,1,0,1,1,0.075000,1961,69,13,4,608,9.8200,0.5389,43.109,1,267,5764,0.0,100.0,83.3,16.7
305,16,64,1,1,1,1,1,1,0,1,1,1,1,1,0.075000,1907,69,13,4,599,20.1500,0.5389,43.109,1,267,5764,16.7,83.3,0.0,100.0
305,17,64,0,0,1,0,0,0,1,1,1,1,1,1,0.075000,1962,69,13,4,608,10.7300,0.5389,43.109,1,267,5764,33.3,66.7,50.0,50.0
305,18,64,1,1,0,1,1,0,0,1,1,1,1,1,0.076000,1954,69,13,4,608,4.1800,0.5389,43.109,1,267,5764,33.3,66.7,16.7,83.3
305,19,64,0,1,1,1,0,1,0,1,1,1,1,1,0.075000,1907,69,13,4,599,13.5200,0.5389,43.109,1,267,5764,50.0,50.0,0.0,100.0
305,20,64,0,1,0,1,0,1,0,1,1,0,0,1,0.075000,1954,69,13,4,608,2.4300,0.5389,43.109,1,267,5764,83.3,16.7,16.7,83.3
305,21,64,1,0,1,1,1,0,0,1,0,0,1,1,0.076000,1954,69,13,4,608,9.9000,0.5389,43.109,1,267,5764,33.3,66.7,50.0,50.0
305,22,64,0,1,0,0,0,1,1,1,1,1,1,1,0.076000,1952,69,13,4,608,6.2900,0.5389,43.109,1,267,5764,50.0,50.0,16.7,83.3
305,23,64,0,0,0,1,1,1,0,0,1,0,1,1,0.076000,1962,69,13,4,608,10.1000,0.5389,43.109,1,267,5764,50.0,50.0,50.0,50.0
305,24,64,1,1,1,0,0,0,0,1,0,1,0,1,0.076000,1959,69,13,4,608,2.4700,0.5389,43.109,1,267,5764,66.7,33.3,33.3,66.7
305,25,64,1,1,1,0,1,1,1,0,0,1,1,0,0.076000,1954,69,13,4,608,2.2200,0.5389,43.109,1,267,5764,16.7,83.3,50.0,50.0
305,26,64,0,0,0,0,1,0,1,0,0,1,1,1,0.075000,1954,69,13,4,608,9.8800,0.5389,43.109,1,267,5764,50.0,50.0,66.7,33.3
305,27,64,0,0,0,0,1,0,0,1,1,0,1,1,0.075000,1954,69,13,4,608,9.9200,0.5389,43.109,1,267,5764,50.0,50.0,66.7,33.3
305,28,64,1,1,1,1,1,0,0,1,0,1,0,1,0.076000,1954,69,13,4,608,3.0700,0.5389,43.109,1,267,5764,50.0,50.0,16.7,83.3
305,29,64,0,1,0,1,0,1,1,0,0,1,0,1,0.075000,1954,69,13,4,608,2.2600,0.5389,43.109,1,267,5764,83.3,16.7,16.7,83.3
306,0,64,0,0,0,0,0,1,1,1,1,1,1,1,0.075000,1954,69,13,4,608,22.5300,0.5389,43.109,1,267,5764,50.0,50.0,33.3,66.7
306,1,64,0,0,0,1,1,1,0,0,1,1,1,1,0.076000,1952,69,13,4,608,10.3900,0.5389,43.109,1,267,5764,50.0,50.0,33.3,66.7
306,2,64,0,0,0,0,0,0,0,0,1,1,0,0,0.075000,1974,69,13,4,608,9.7200,0.5350,42.798,1,267,5764,83.3,16.7,83.3,16.7
306,4,64,0,1,0,1,0,1,0,1,1,1,0,1,0.075000,1907,69,13,4,599,11.1300,0.5389,43.109,1,267,5764,83.3,16.7,0.0,100.0
306,5,64,0,1,1,1,0,1,0,0,1,1,0,1,0.076000,1954,69,13,4,608,2.7200,0.5389,43.109,1,267,5764,66.7,33.3,16.7,83.3
306,6,64,1,0,1,1,0,0,0,1,1,1,1,1,0.076000,1958,69,13,4,608,10.2700,0.5389,43.109,1,267,5764,33.3,66.7,33.3,66.7
306,7,64,0,1,1,0,0,1,0,1,1,1,1,1,0.076000,1952,69,13,4,608,5.1500,0.5389,43.109,1,267,5764,50.0,50.0,16.7,83.3
306,8,64,0,0,1,0,0,1,1,1,1,1,1,1,0.075000,1954,69,13,4,608,22.5300,0.5389,43.109,1,267,5764,33.3,66.7,33.3,66.7
306,9,64,0,1,1,1,1,1,0,1,0,0,1,1,0.076000,1954,69,13,4,608,3.1000,0.5389,43.109,1,267,5764,50.0,50.0,16.7,83.3
306,10,64,1,1,1,1,1,1,0,1,0,1,1,1,0.075000,1907,69,13,4,599,16.3500,0.5389,43.109,1,267,5764,33.3,66.7,0.0,100.0
306,11,64,0,0,1,0,0,0,1,1,0,0,1,1,0.075000,1954,69,13,4,608,9.7200,0.5389,43.109,1,267,5764,50.0,50.0,66.7,33.3
306,12,64,1,0,1,1,0,1,0,1,1,1,1,1,0.076000,1959,69,13,4,608,12.7800,0.5389,43.109,1,267,5764,33.3,66.7,16.7,83.3
306,13,64,0,1,1,1,0,1,0,1,0,1,0,1,0.075000,1907,69,13,4,599,11.5800,0.5389,43.109,1,267,5764,83.3,16.7,0.0,100.0
306,14,64,1,0,1,0,0,0,1,1,0,0,0,0,0.075000,1954,69,13,4,608,9.4200,0.5389,43.109,1,267,5764,50.0,50.0,83.3,16.7
306,15,64,1,1,1,1,1,1,1,1,0,0,1,1,0.075000,1974,69,13,4,608,4.3300,0.5350,42.798,1,267,5764,16.7,83.3,16.7,83.3
306,16,64,1,0,1,1,0,0,1,1,0,0,1,1,0.076000,1954,69,13,4,608,9.7200,0.5389,43.109,1,267,5764,33.3,66.7,50.0,50.0
306,17,64,0,1,0,1,0,1,0,1,0,0,0,1,0.075000,1345,54,9,4,602,2.3300,0.3560,28.480,1,267,5764,100.0,0.0,16.7,83.3
306,18,64,0,1,0,0,0,0,1,1,1,1,1,1,0.076000,1958,69,13,4,608,2.9300,0.5389,43.109,1,267,5764,50.0,50.0,33.3,66.7
306,19,64,0,0,1,0,1,1,1,1,1,1,1,1,0.075000,1954,69,13,4,608,24.0700,0.5389,43.109,1,267,5764,16.7,83.3,33.3,66.7
306,20,64,1,0,0,1,0,1,0,1,0,1,0,1,0.076000,1959,69,13,4,608,11.2100,0.5389,43.109,1,267,5764,83.3,16.7,16.7,83.3
306,21,64,0,1,1,1,0,1,1,1,1,1,1,1,0.075000,1907,69,13,4,599,14.9700,0.5389,43.109,1,267,5764,33.3,66.7,0.0,100.0
306,22,64,1,0,0,1,0,0,0,1,1,1,1,1,0.076000,1954,69,13,4,608,10.2700,0.5389,43.109,1,267,5764,50.0,50.0,33.3,66.7
306,23,64,0,0,1,1,0,1,0,1,1,1,1,1,0.076000,1954,69,13,4,608,12.7800,0.5389,43.109,1,267,5764,50.0,50.0,16.7,83.3
306,24,64,1,1,1,1,0,1,0,1,1,1,1,1,0.075000,1910,68,13,4,597,16.7200,0.5389,43.109,1,267,5764,33.3,66.7,0.0,100.0
306,25,64,0,1,1,0,1,0,1,0,0,1,1,0,0.076000,1954,69,13,4,608,2.0400,0.5389,43.109,1,267,5764,33.3,66.7,66.7,33.3
306,26,64,0,1,0,0,0,1,1,1,1,1,0,1,0.076000,1952,69,13,4,608,3.9700,0.5389,43.109,1,267,5764,66.7,33.3,16.7,83.3
306,27,64,1,1,1,1,1,1,1,1,0,1,1,1,0.075000,1907,69,13,4,599,18.6000,0.5389,43.109,1,267,5764,16.7,83.3,0.0,100.0
306,28,64,0,0,0,0,1,0,1,0,0,1,0,1,0.075000,1956,68,13,4,606,9.6500,0.5389,43.109,1,267,5764,66.7,33.3,66.7,33.3
306,29,64,1,0,1,1,1,0,1,1,0,0,1,1,0.076000,1954,69,13,4,608,9.7200,0.5389,43.109,1,267,5764,16.7,83.3,50.0,50.0
307,0,64,0,0,1,1,1,1,0,1,1,1,1,1,0.076000,1960,69,13,4,608,13.1400,0.5389,43.109,1,267,5764,33.3,66.7,16.7,83.3
307,1,64,0,0,1,1,0,1,0,1,0,1,1,1,0.076000,1958,69,13,4,608,11.9000,0.5389,43.109,1,267,5764,66.7,33.3,16.7,83.3
307,2,64,1,1,1,1,0,1,1,1,1,1,1,1,0.075000,1907,69,13,4,599,19.2400,0.5389,43.109,1,267,5764,16.7,83.3,0.0,100.0
307,3,64,1,1,1,1,0,1,0,1,0,1,1,1,0.075000,1907,69,13,4,599,14.0500,0.5389,43.109,1,267,5764,50.0,50.0,0.0,100.0
307,4,64,1,0,1,0,0,1,0,0,0,0,0,0,0.075000,1957,69,13,4,608,9.7100,0.5389,43.109,1,267,5764,66.7,33.3,83.3,16.7
307,5,64,1,0,1,1,0,1,0,1,1,1,0,1,0.076000,1955,69,13,4,608,11.3800,0.5389,43.109,1,267,5764,50.0,50.0,16.7,83.3
307,6,64,1,1,1,1,0,1,0,1,0,0,1,1,0.076000,1954,69,13,4,608,3.1400,0.5389,43.109,1,267,5764,50.0,50.0,16.7,83.3
307,7,64,0,0,0,0,0,1,1,1,1,1,0,1,0.075000,1954,69,13,4,608,11.9600,0.5389,43.109,1,267,5764,66.7,33.3,33.3,66.7
307,8,64,1,1,1,0,1,1,1,1,1,1,1,1,0.076000,1955,69,13,4,608,11.2000,0.5389,43.109,1,267,5764,0.0,100.0,16.7,83.3
307,9,64,0,0,0,0,0,0,0,0,0,1,0,0,0.075000,1345,54,9,4,602,9.6300,0.3560,28.480,1,267,5764,100.0,0.0,83.3,16.7
307,10,64,0,1,1,1,1,1,0,1,1,1,1,1,0.075000,1907,69,13,4,599,14.5000,0.5389,43.109,1,267,5764,33.3,66.7,0.0,100.0
307,11,64,0,0,0,0,0,0,1,1,1,1,0,1,0.075000,1961,69,13,4,608,10.4100,0.5389,43.109,1,267,5764,66.7,33.3,50.0,50.0
307,12,64,0,1,1,1,0,0,1,1,1,1,0,1,0.076000,1954,69,13,4,608,2.8400,0.5389,43.109,1,267,5764,50.0,50.0,16.7,83.3
307,14,64,0,0,0,0,0,0,0,1,1,1,0,0,0.075000,1961,69,13,4,608,9.7200,0.5389,43.109,1,267,5764,83.3,16.7,66.7,33.3
307,15,64,0,1,1,1,0,1,0,1,0,0,1,1,0.075000,1957,69,13,4,608,3.0800,0.5389,43.109,1,267,5764,66.7,33.3,16.7,83.3
307,16,64,0,1,1,1,0,1,0,1,0,1,1,1,0.075000,1910,69,13,4,599,12.6600,0.5389,43.109,1,267,5764,66.7,33.3,0.0,100.0
307,17,64,0,0,1,1,0,0,0,0,0,0,0,0,0.075000,1974,69,13,4,608,9.4100,0.5350,42.798,1,267,5764,83.3,16.7,83.3,16.7
307,18,64,0,0,0,0,1,1,1,1,1,1,1,1,0.075000,1972,68,13,4,606,24.0700,0.5349,42.795,1,267,5764,33.3,66.7,33.3,66.7
307,20,64,0,0,1,0,1,1,1,1,1,1,0,1,0.075000,1954,69,13,4,608,12.3800,0.5389,43.109,1,267,5764,33.3,66.7,33.3,66.7
307,21,64,1,0,0,0,0,1,0,1,1,1,1,1,0.075000,1954,69,13,4,608,12.7800,0.5389,43.109,1,267,5764,50.0,50.0,33.3,66.7
307,22,64,0,0,0,1,0,1,0,0,1,1,1,1,0.075000,1956,69,13,4,608,10.3900,0.5389,43.109,1,267,5764,66.7,33.3,33.3,66.7
307,23,64,1,1,1,1,1,1,1,1,1,0,1,1,0.076000,1957,69,13,4,608,5.4900,0.5389,43.109,1,267,5764,0.0,100.0,16.7,83.3
307,24,64,1,0,1,0,1,0,1,0,1,0,0,1,0.075000,1959,69,13,4,608,9.5300,0.5389,43.109,1,267,5764,16.7,83.3,83.3,16.7
307,25,64,1,1,1,1,1,1,0,0,1,1,1,1,0.076000,1974,69,13,4,608,4.8300,0.5350,42.798,1,267,5764,16.7,83.3,16.7,83.3
307,26,64,0,1,1,1,0,1,0,1,0,1,1,0,0.075000,1955,69,13,4,608,2.5000,0.5389,43.109,1,267,5764,66.7,33.3,16.7,83.3
307,27,64,1,1,1,0,0,1,1,1,0,1,1,1,0.076000,1952,69,13,4,608,6.5900,0.5389,43.109,1,267,5764,33.3,66.7,16.7,83.3
307,28,64,0,0,1,0,0,1,1,1,0,0,1,1,0.075000,1954,69,13,4,608,10.2200,0.5389,43.109,1,267,5764,50.0,50.0,50.0,50.0
307,29,64,1,0,1,0,0,0,0,0,1,1,0,0,0.075000,1954,69,13,4,608,9.7200,0.5389,43.109,1,267,5764,50.0,50.0,83.3,16.7
308,0,64,0,0,1,1,0,1,1,1,1,1,0,1,0.076000,1955,69,13,4,608,11.9600,0.5389,43.109,1,267,5764,50.0,50.0,16.7,83.3
308,1,64,0,1,1,1,0,1,1,1,1,1,0,0,0.075000,1952,69,13,4,608,2.1200,0.5389,43.109,1,267,5764,50.0,50.0,16.7,83.3
308,2,64,0,0,1,0,1,1,0,1,1,1,0,1,0.075000,1954,69,13,4,608,11.6400,0.5389,43.109,1,267,5764,50.0,50.0,33.3,66.7
308,3,64,0,1,0,0,0,1,0,1,1,1,0,1,0.076000,1952,69,13,4,608,3.4700,0.5389,43.109,1,267,5764,83.3,16.7,16.7,83.3
308,4,64,0,1,1,1,0,1,0,0,1,1,1,1,0.076000,1954,69,13,4,608,3.0800,0.5389,43.109,1,267,5764,50.0,50.0,16.7,83.3
308,5,64,0,1,0,0,0,0,0,0,0,0,0,0,0.075000,1348,54,9,4,602,1.6700,0.3560,28.480,1,267,5764,100.0,0.0,83.3,16.7
308,7,64,1,0,1,0,0,0,0,0,0,0,1,1,0.075000,1959,69,13,4,608,9.8300,0.5389,43.109,1,267,5764,50.0,50.0,83.3,16.7
308,8,64,0,0,0,0,0,1,1,1,0,1,1,1,0.075000,1954,69,13,4,608,12.2800,0.5389,43.109,1,267,5764,66.7,33.3,33.3,66.7
308,9,64,0,0,1,1,1,1,1,1,1,1,1,1,0.076000,1972,69,13,4,608,24.0700,0.5393,43.147,1,267,5764,16.7,83.3,16.7,83.3
308,11,64,0,1,1,1,0,1,0,1,1,1,0,0,0.075000,1952,69,13,4,608,2.3000,0.5389,43.109,1,267,5764,66.7,33.3,16.7,83.3
308,13,64,0,0,0,0,1,1,1,1,1,1,0,1,0.075000,1954,69,13,4,608,12.3800,0.5389,43.109,1,267,5764,50.0,50.0,33.3,66.7
308,14,64,1,1,1,1,0,0,0,1,0,1,1,1,0.076000,1954,69,13,4,608,3.6300,0.5389,43.109,1,267,5764,50.0,50.0,16.7,83.3
308,15,64,0,0,1,1,1,1,1,1,0,1,1,1,0.076000,1955,69,13,4,608,12.7100,0.5389,43.109,1,267,5764,33.3,66.7,16.7,83.3
308,17,64,0,1,0,0,0,0,0,0,1,1,0,0,0.075000,1954,69,13,4,608,2.0000,0.5389,43.109,1,267,5764,83.3,16.7,66.7,33.3
308,18,64,0,0,0,0,0,0,0,0,0,1,1,1,0.075000,1954,69,13,4,608,9.9300,0.5389,43.109,1,267,5764,83.3,16.7,66.7,33.3
308,20,64,0,0,1,1,1,1,0,0,0,0,0,0,0.075000,1985,69,13,4,608,9.5600,0.5350,42.798,1,267,5764,66.7,33.3,66.7,33.3
308,21,64,0,1,1,1,1,1,1,1,1,1,1,1,0.075000,1907,69,13,4,599,17.5200,0.5389,43.109,1,267,5764,16.7,83.3,0.0,100.0
308,22,64,0,1,1,0,0,1,0,1,1,1,0,1,0.076000,1952,69,13,4,608,3.5300,0.5389,43.109,1,267,5764,66.7,33.3,16.7,83.3
308,23,64,0,0,0,0,0,0,0,0,0,0,1,1,0.075000,1979,69,13,4,608,9.8300,0.5350,42.798,1,267,5764,83.3,16.7,83.3,16.7
308,24,64,1,0,1,1,0,0,0,0,0,0,0,0,0.075000,1957,69,13,4,608,9.4100,0.5389,43.109,1,267,5764,66.7,33.3,83.3,16.7
308,25,64,0,0,1,1,0,1,0,1,1,1,0,0,0.075000,1956,69,13,4,608,10.2400,0.5389,43.109,1,267,5764,66.7,33.3,33.3,66.7
308,26,64,1,1,0,0,0,0,0,0,0,0,0,0,0.075000,1979,69,13,4,608,1.4800,0.5350,42.798,1,267,5764,83.3,16.7,83.3,16.7
308,27,64,0,1,1,1,0,1,0,0,0,1,0,1,0.076000,1954,69,13,4,608,2.6200,0.5389,43.109,1,267,5764,83.3,16.7,16.7,83.3
308,28,64,0,0,0,0,0,0,1,1,1,1,0,0,0.075000,1979,69,13,4,608,9.7300,0.5393,43.147,1,267,5764,66.7,33.3,66.7,33.3
308,29,64,0,0,0,0,1,1,0,0,1,1,1,1,0.075000,1974,69,13,4,608,10.3900,0.5350,42.798,1,267,5764,50.0,50.0,50.0,50.0
309,0,64,0,0,1,1,1,1,0,0,1,1,1,1,0.076000,1969,69,13,4,608,10.3900,0.5393,43.147,1,267,5764,33.3,66.7,33.3,66.7
309,1,64,0,1,0,0,0,1,0,1,1,1,1,1,0.076000,1955,69,13,4,608,4.9500,0.5389,43.109,1,267,5764,66.7,33.3,16.7,83.3
309,2,64,0,1,0,1,0,1,1,1,0,1,1,1,0.075000,1907,69,13,4,599,12.0500,0.5389,43.109,1,267,5764,66.7,33.3,0.0,100.0
309,4,64,1,1,1,1,0,0,1,1,1,1,1,1,0.076000,1974,69,13,4,608,5.1200,0.5350,42.798,1,267,5764,16.7,83.3,16.7,83.3
309,5,64,1,0,1,0,1,0,1,0,0,0,1,0,0.074000,1502,55,13,4,604,9.5700,0.4272,34.176,1,267,5764,16.7,83.3,100.0,0.0
309,6,64,0,0,0,0,0,0,0,0,1,1,1,1,0.075000,1972,68,13,4,606,10.0100,0.5349,42.795,1,267,5764,66.7,33.3,66.7,33.3
309,8,64,0,0,1,0,1,1,0,1,1,1,1,1,0.075000,1954,69,13,4,608,13.1400,0.5389,43.109,1,267,5764,33.3,66.7,33.3,66.7
309,9,64,1,1,0,0,0,0,0,0,0,1,0,0,0.076000,1954,69,13,4,608,1.7800,0.5389,43.109,1,267,5764,83.3,16.7,66.7,33.3
309,10,64,0,0,0,0,1,1,0,0,0,0,1,1,0.075000,1969,69,13,4,608,10.1100,0.5393,43.147,1,267,5764,66.7,33.3,66.7,33.3
309,11,64,0,0,1,1,1,1,0,0,1,0,0,0,0.075000,1962,69,13,4,608,9.6100,0.5389,43.109,1,267,5764,50.0,50.0,66.7,33.3
309,12,64,1,1,1,1,0,1,0,1,1,1,0,0,0.075000,1952,69,13,4,608,2.4800,0.5389,43.109,1,267,5764,50.0,50.0,16.7,83.3
309,13,64,1,1,1,1,1,1,1,1,0,1,0,0,0.075000,1956,69,13,4,608,2.8700,0.5389,43.109,1,267,5764,33.3,66.7,16.7,83.3
309,16,64,1,1,1,0,1,0,1,0,1,0,1,0,0.076000,1962,69,13,4,608,1.9000,0.5389,43.109,1,267,5764,0.0,100.0,83.3,16.7
309,17,64,0,0,1,1,1,1,0,0,0,0,1,1,0.076000,1979,69,13,4,608,10.1100,0.5393,43.147,1,267,5764,50.0,50.0,50.0,50.0
309,19,64,0,0,0,0,1,1,0,1,1,1,1,1,0.075000,1954,69,13,4,608,13.1400,0.5389,43.109,1,267,5764,50.0,50.0,33.3,66.7
309,20,64,1,0,1,1,1,1,0,1,1,1,1,1,0.076000,1955,69,13,4,608,13.1400,0.5389,43.109,1,267,5764,16.7,83.3,16.7,83.3
309,22,64,0,0,0,0,0,0,0,0,0,0,1,0,0.074000,1502,55,13,4,604,9.6200,0.4272,34.176,1,267,5764,83.3,16.7,100.0,0.0
309,23,64,1,1,0,0,0,0,1,1,0,0,1,1,0.076000,1974,69,13,4,608,2.6800,0.5350,42.798,1,267,5764,50.0,50.0,50.0,50.0
309,25,64,1,0,1,0,1,0,1,1,1,0,1,0,0.075000,1957,69,13,4,608,9.6500,0.5389,43.109,1,267,5764,0.0,100.0,83.3,16.7
309,26,64,1,1,1,1,0,1,1,0,1,1,1,1,0.076000,1954,69,13,4,608,3.7100,0.5389,43.109,1,267,5764,16.7,83.3,16.7,83.3
309,28,64,0,0,1,1,0,0,0,0,0,0,1,1,0.075000,1972,68,13,4,606,9.8300,0.5349,42.795,1,267,5764,66.7,33.3,66.7,33.3
309,29,64,1,1,1,1,0,0,0,1,1,1,1,1,0.076000,1958,69,13,4,608,4.2500,0.5389,43.109,1,267,5764,33.3,66.7,16.7,83.3
310,0,64,0,0,0,0,1,1,0,0,1,1,1,0,0.075000,1954,69,13,4,608,10.1600,0.5389,43.109,1,267,5764,50.0,50.0,66.7,33.3
310,1,64,0,0,1,1,1,1,1,1,1,1,0,0,0.075000,1973,69,13,4,608,10.4500,0.5393,43.147,1,267,5764,33.3,66.7,33.3,66.7
310,2,64,0,0,0,0,1,1,0,0,0,1,0,0,0.075000,1954,69,13,4,608,9.8400,0.5389,43.109,1,267,5764,83.3,16.7,66.7,33.3
310,3,64,1,1,1,1,1,1,1,1,1,1,0,0,0.075000,1972,69,13,4,608,3.2600,0.5350,42.798,1,267,5764,16.7,83.3,16.7,83.3
310,4,64,0,0,0,0,1,0,0,0,1,1,1,1,0.075000,1954,69,13,4,608,10.0100,0.5389,43.109,1,267,5764,50.0,50.0,66.7,33.3
310,5,64,1,1,1,1,0,1,0,1,0,1,0,0,0.075000,1955,69,13,4,608,2.3100,0.5389,43.109,1,267,5764,66.7,33.3,16.7,83.3
310,7,64,0,1,0,0,1,1,1,1,1,1,1,1,0.076000,1954,69,13,4,608,7.3800,0.5389,43.109,1,267,5764,33.3,66.7,16.7,83.3
310,8,64,0,1,1,1,0,0,1,1,1,1,1,1,0.076000,1954,69,13,4,608,3.4300,0.5389,43.109,1,267,5764,33.3,66.7,16.7,83.3
310,9,64,1,0,1,0,1,1,1,0,1,0,1,0,0.075000,1957,69,13,4,608,9.7300,0.5389,43.109,1,267,5764,0.0,100.0,83.3,16.7
310,11,64,0,0,1,1,0,0,0,0,1,1,1,1,0.075000,1974,69,13,4,608,10.0100,0.5350,42.798,1,267,5764,50.0,50.0,50.0,50.0
310,13,64,0,0,0,0,1,1,0,0,0,0,0,0,0.075000,1974,69,13,4,608,9.5600,0.5350,42.798,1,267,5764,83.3,16.7,83.3,16.7
310,16,64,1,0,1,0,1,1,0,0,0,0,0,0,0.075000,1954,69,13,4,608,9.5600,0.5389,43.109,1,267,5764,50.0,50.0,83.3,16.7
310,18,64,0,0,0,0,0,0,0,1,1,1,1,1,0.075000,1965,69,13,4,608,10.2700,0.5389,43.109,1,267,5764,66.7,33.3,50.0,50.0
310,20,64,1,0,0,0,1,0,1,0,0,0,1,0,0.074000,1502,55,13,4,604,9.5700,0.4272,34.176,1,267,5764,33.3,66.7,100.0,0.0
310,21,64,0,1,1,1,1,1,0,1,1,1,0,0,0.075000,1952,69,13,4,608,2.4300,0.5389,43.109,1,267,5764,50.0,50.0,16.7,83.3
310,22,64,1,1,1,1,1,0,1,1,1,1,1,1,0.076000,1957,69,13,4,608,7.3900,0.5389,43.109,1,267,5764,0.0,100.0,16.7,83.3
310,24,64,0,0,1,0,0,0,0,0,0,0,0,0,0.074000,1502,55,13,4,604,9.4100,0.4272,34.176,1,267,5764,83.3,16.7,100.0,0.0
310,26,64,1,1,1,0,1,0,1,0,0,0,1,0,0.076000,1959,69,13,4,608,1.8400,0.5389,43.109,1,267,5764,16.7,83.3,83.3,16.7
310,27,64,1,0,1,1,0,1,1,1,1,1,1,1,0.076000,1955,69,13,4,608,22.5300,0.5389,43.109,1,267,5764,16.7,83.3,16.7,83.3
310,29,64,1,1,0,0,0,0,0,0,1,1,1,1,0.076000,1974,69,13,4,608,2.5300,0.5350,42.798,1,267,5764,50.0,50.0,50.0,50.0
311,0,64,0,0,1,0,1,1,1,1,0,1,1,1,0.075000,1954,69,13,4,608,12.7100,0.5389,43.109,1,267,5764,33.3,66.7,33.3,66.7
311,1,64,1,1,1,1,0,0,0,0,1,1,1,1,0.075000,1967,67,13,4,604,2.6000,0.5322,42.578,1,267,5764,33.3,66.7,33.3,66.7
311,2,64,0,1,1,1,0,0,0,0,0,0,1,1,0.076000,1957,69,13,4,608,2.3200,0.5389,43.109,1,267,5764,66.7,33.3,50.0,50.0
311,5,64,0,0,1,1,0,0,1,1,1,1,1,1,0.075000,1974,69,13,4,608,10.7300,0.5350,42.798,1,267,5764,33.3,66.7,33.3,66.7
311,6,64,0,0,0,1,0,1,0,1,1,0,0,1,0.075000,1954,69,13,4,608,10.1700,0.5389,43.109,1,267,5764,83.3,16.7,33.3,66.7
311,7,64,0,0,1,1,0,0,0,0,0,1,0,0,0.075000,1954,69,13,4,608,9.6300,0.5389,43.109,1,267,5764,83.3,16.7,66.7,33.3
311,8,64,1,1,1,1,0,1,0,0,1,1,1,1,0.076000,1958,69,13,4,608,3.3400,0.5389,43.109,1,267,5764,33.3,66.7,16.7,83.3
311,11,64,0,0,1,0,1,0,1,0,1,0,1,0,0.074000,1502,55,13,4,604,9.5600,0.4272,34.176,1,267,5764,16.7,83.3,100.0,0.0
311,12,64,1,1,0,1,1,1,1,1,1,1,1,1,0.075000,1907,69,13,4,599,21.2100,0.5389,43.109,1,267,5764,16.7,83.3,0.0,100.0
311,13,64,0,1,0,1,1,1,0,1,0,1,0,1,0.075000,1907,69,13,4,599,11.2800,0.5389,43.109,1,267,5764,83.3,16.7,0.0,100.0
311,15,64,1,0,1,1,0,0,0,0,1,1,1,1,0.076000,1958,69,13,4,608,10.0100,0.5389,43.109,1,267,5764,33.3,66.7,50.0,50.0
311,16,64,0,0,1,1,0,0,0,0,0,0,1,0,0.075000,1957,69,13,4,608,9.6200,0.5389,43.109,1,267,5764,66.7,33.3,83.3,16.7
311,17,64,1,0,1,0,1,0,1,0,1,1,1,0,0.075000,1957,69,13,4,608,9.6900,0.5389,43.109,1,267,5764,0.0,100.0,83.3,16.7
311,18,64,0,0,1,0,0,0,1,1,0,0,0,0,0.075000,1957,69,13,4,608,9.4200,0.5389,43.109,1,267,5764,66.7,33.3,83.3,16.7
311,19,64,0,0,0,0,0,0,1,1,0,0,0,0,0.075000,1974,69,13,4,608,9.4200,0.5350,42.798,1,267,5764,83.3,16.7,83.3,16.7
311,20,64,1,0,0,0,0,0,0,0,0,1,0,0,0.075000,1954,69,13,4,608,9.6300,0.5389,43.109,1,267,5764,83.3,16.7,83.3,16.7
311,21,64,1,0,1,1,1,0,1,0,0,0,1,0,0.075000,1954,69,13,4,608,9.5700,0.5389,43.109,1,267,5764,16.7,83.3,83.3,16.7
311,23,64,0,0,1,1,0,1,1,1,1,1,1,1,0.076000,1959,69,13,4,608,22.5300,0.5389,43.109,1,267,5764,33.3,66.7,16.7,83.3
311,24,64,0,0,1,1,0,0,0,1,1,1,1,1,0.076000,1954,69,13,4,608,10.2700,0.5389,43.109,1,267,5764,50.0,50.0,33.3,66.7
311,25,64,0,0,1,0,1,1,1,1,1,1,0,0,0.075000,1954,69,13,4,608,10.4500,0.5389,43.109,1,267,5764,33.3,66.7,50.0,50.0
311,26,64,1,0,1,0,0,0,1,0,1,0,1,0,0.074000,1502,55,13,4,604,9.5600,0.4272,34.176,1,267,5764,16.7,83.3,100.0,0.0
311,27,64,0,0,1,0,1,0,0,0,0,0,0,0,0.074000,1502,55,13,4,604,9.4100,0.4272,34.176,1,267,5764,66.7,33.3,100.0,0.0
311,28,64,1,1,0,0,1,1,1,1,0,1,1,1,0.076000,1957,69,13,4,608,7.0800,0.5389,43.109,1,267,5764,33.3,66.7,16.7,83.3
311,29,64,1,1,1,1,1,1,1,1,0,1,1,0,0.075000,1952,69,13,4,608,2.9100,0.5389,43.109,1,267,5764,16.7,83.3,16.7,83.3
312,0,64,1,1,1,1,1,1,1,0,1,1,1,1,0.076000,1957,69,13,4,608,5.5300,0.5389,43.109,1,267,5764,0.0,100.0,16.7,83.3
312,1,64,1,0,0,0,1,1,1,0,0,0,1,0,0.075000,1954,69,13,4,608,9.6600,0.5389,43.109,1,267,5764,33.3,66.7,83.3,16.7
312,2,64,0,0,0,0,0,1,0,0,1,1,1,1,0.075000,1957,69,13,4,608,10.3900,0.5389,43.109,1,267,5764,66.7,33.3,50.0,50.0
312,5,64,1,0,1,0,1,0,0,0,0,0,0,0,0.074000,1502,55,13,4,604,9.4100,0.4272,34.176,1,267,5764,50.0,50.0,100.0,0.0
312,6,64,0,1,1,1,1,0,1,1,1,1,1,1,0.076000,1954,69,13,4,608,4.4700,0.5389,43.109,1,267,5764,16.7,83.3,16.7,83.3
312,7,64,0,0,1,1,1,1,1,1,1,1,1,0,0.075000,1956,69,13,4,608,10.6800,0.5389,43.109,1,267,5764,16.7,83.3,33.3,66.7
312,8,64,1,0,1,1,1,1,1,1,0,1,0,0,0.075000,1960,69,13,4,608,10.1500,0.5389,43.109,1,267,5764,33.3,66.7,33.3,66.7
312,9,64,0,0,0,1,0,0,0,0,1,1,1,1,0.075000,1957,69,13,4,608,10.0100,0.5389,43.109,1,267,5764,66.7,33.3,50.0,50.0
312,11,64,1,0,0,0,1,0,1,0,0,0,1,1,0.075000,1959,69,13,4,608,9.8000,0.5389,43.109,1,267,5764,33.3,66.7,83.3,16.7
312,12,64,1,0,1,0,1,1,1,1,1,1,1,1,0.075000,1956,68,13,4,606,24.0700,0.5389,43.109,1,267,5764,0.0,100.0,33.3,66.7
312,16,64,1,1,0,1,0,0,1,1,1,1,1,1,0.076000,1954,69,13,4,608,4.2400,0.5389,43.109,1,267,5764,33.3,66.7,16.7,83.3
312,17,64,1,0,1,1,1,1,1,1,1,1,1,1,0.076000,1958,69,13,4,608,24.0700,0.5389,43.109,1,267,5764,0.0,100.0,16.7,83.3
312,18,64,0,0,1,1,0,0,1,1,1,1,1,0,0.075000,1951,69,13,4,608,9.7900,0.5389,43.109,1,267,5764,33.3,66.7,50.0,50.0
312,19,64,0,0,0,1,0,1,0,1,0,1,0,1,0.075000,1346,54,9,4,602,11.2100,0.3557,28.458,1,267,5764,100.0,0.0,16.7,83.3
312,20,64,1,1,1,1,0,0,1,1,0,1,1,1,0.076000,1954,69,13,4,608,4.2200,0.5389,43.109,1,267,5764,33.3,66.7,16.7,83.3
312,21,64,0,0,0,0,0,0,0,0,1,1,1,0,0.075000,1957,69,13,4,608,9.7400,0.5389,43.109,1,267,5764,66.7,33.3,83.3,16.7
312,22,64,0,0,0,0,1,1,1,1,1,0,1,1,0.075000,1954,69,13,4,608,10.8000,0.5389,43.109,1,267,5764,33.3,66.7,50.0,50.0
312,25,64,1,0,1,0,0,0,1,0,1,1,1,0,0.075000,1954,69,13,4,608,9.6900,0.5389,43.109,1,267,5764,16.7,83.3,83.3,16.7
312,26,64,0,0,1,0,1,0,1,0,0,1,1,1,0.075000,1954,69,13,4,608,9.8800,0.5389,43.109,1,267,5764,33.3,66.7,66.7,33.3
312,27,64,0,0,0,0,1,1,1,0,1,1,1,1,0.075000,1957,69,13,4,608,10.3500,0.5389,43.109,1,267,5764,33.3,66.7,50.0,50.0
312,28,64,1,0,1,0,1,0,1,1,0,0,1,0,0.075000,1954,69,13,4,608,9.5400,0.5389,43.109,1,267,5764,16.7,83.3,83.3,16.7
312,29,64,0,0,0,0,1,1,0,0,1,1,0,0,0.075000,1974,69,13,4,608,10.0900,0.5350,42.798,1,267,5764,66.7,33.3,66.7,33.3
313,1,64,0,0,1,0,0,0,0,0,0,0,1,1,0.075000,1962,69,13,4,608,9.8300,0.5389,43.109,1,267,5764,66.7,33.3,83.3,16.7
313,3,64,0,0,0,1,1,1,1,1,1,1,1,1,0.076000,1957,69,13,4,608,24.0700,0.5389,43.109,1,267,5764,33.3,66.7,16.7,83.3
313,4,64,1,1,1,1,1,1,1,0,1,1,0,0,0.076000,1950,69,13,4,608,2.4400,0.5389,43.109,1,267,5764,16.7,83.3,33.3,66.7
313,5,64,1,1,1,1,1,1,0,0,0,1,1,1,0.076000,1954,69,13,4,608,4.1800,0.5389,43.109,1,267,5764,33.3,66.7,16.7,83.3
313,6,64,0,1,0,1,0,1,0,1,0,1,0,0,0.075000,1343,54,9,4,602,2.4000,0.3560,28.480,1,267,5764,100.0,0.0,16.7,83.3
313,7,64,1,0,0,0,1,0,0,1,0,0,0,0,0.075000,1957,69,13,4,608,9.4800,0.5389,43.109,1,267,5764,66.7,33.3,83.3,16.7
313,8,64,1,0,1,1,1,0,0,1,0,0,1,0,0.075000,1954,69,13,4,608,9.7000,0.5389,43.109,1,267,5764,33.3,66.7,66.7,33.3
313,9,64,1,0,1,0,0,1,1,0,0,0,1,0,0.075000,1954,69,13,4,608,9.8200,0.5389,43.109,1,267,5764,33.3,66.7,83.3,16.7
313,10,64,0,0,1,0,0,1,0,1,0,1,0,1,0.075000,1954,69,13,4,608,11.2100,0.5389,43.109,1,267,5764,83.3,16.7,33.3,66.7
313,11,64,1,0,1,0,0,0,1,1,1,0,1,0,0.075000,1954,69,13,4,608,9.6500,0.5389,43.109,1,267,5764,16.7,83.3,83.3,16.7
313,12,64,0,0,0,0,0,0,1,1,0,1,0,0,0.075000,1961,69,13,4,608,9.7000,0.5389,43.109,1,267,5764,83.3,16.7,66.7,33.3
313,14,64,0,0,0,0,0,0,0,0,0,0,0,1,0.075000,1348,54,9,4,602,9.5600,0.3560,28.480,1,267,5764,100.0,0.0,83.3,16.7
313,15,64,1,0,1,0,1,1,0,0,1,1,1,1,0.075000,1954,69,13,4,608,10.3900,0.5389,43.109,1,267,5764,16.7,83.3,50.0,50.0
313,16,64,0,0,1,1,0,0,1,0,1,1,1,1,0.076000,1954,69,13,4,608,9.9900,0.5389,43.109,1,267,5764,33.3,66.7,50.0,50.0
313,17,64,1,1,0,1,1,1,1,1,0,0,1,1,0.076000,1954,69,13,4,608,4.1200,0.5389,43.109,1,267,5764,33.3,66.7,16.7,83.3
313,18,64,0,1,0,0,0,0,0,0,0,1,0,0,0.075000,1345,53,9,4,600,1.8800,0.3560,28.480,1,267,5764,100.0,0.0,66.7,33.3
313,20,64,1,0,1,0,1,0,0,0,1,1,0,0,0.075000,1954,69,13,4,608,9.7200,0.5389,43.109,1,267,5764,33.3,66.7,83.3,16.7
313,21,64,0,0,0,0,0,1,1,1,1,1,1,0,0.075000,1954,69,13,4,608,10.3600,0.5389,43.109,1,267,5764,50.0,50.0,50.0,50.0
313,22,64,1,1,0,1,0,1,1,1,1,1,1,1,0.075000,1907,69,13,4,599,17.1700,0.5389,43.109,1,267,5764,33.3,66.7,0.0,100.0
313,24,64,1,0,1,1,0,0,1,1,1,1,1,1,0.076000,1954,69,13,4,608,10.7300,0.5389,43.109,1,267,5764,16.7,83.3,33.3,66.7
313,25,64,0,0,1,1,0,1,0,1,0,1,0,1,0.076000,1955,69,13,4,608,11.2100,0.5389,43.109,1,267,5764,83.3,16.7,16.7,83.3
313,26,64,1,0,0,1,1,1,1,1,1,1,1,1,0.076000,1955,69,13,4,608,24.0700,0.5389,43.109,1,267,5764,16.7,83.3,16.7,83.3
313,27,64,0,0,0,1,0,1,0,1,1,1,0,1,0.076000,1954,69,13,4,608,11.3800,0.5389,43.109,1,267,5764,83.3,16.7,16.7,83.3
313,28,64,0,0,0,0,1,1,1,1,0,1,1,1,0.075000,1954,69,13,4,608,12.7100,0.5389,43.109,1,267,5764,50.0,50.0,33.3,66.7
314,1,64,1,1,1,0,1,1,0,1,1,1,1,1,0.076000,1952,69,13,4,608,8.2500,0.5389,43.109,1,267,5764,16.7,83.3,16.7,83.3
314,3,64,0,1,0,1,0,1,0,0,0,1,0,1,0.075000,1345,54,9,4,602,2.3100,0.3560,28.480,1,267,5764,100.0,0.0,16.7,83.3
314,4,64,1,0,1,0,1,1,1,1,0,0,1,1,0.075000,1952,69,13,4,608,10.4500,0.5389,43.109,1,267,5764,16.7,83.3,50.0,50.0
314,7,64,1,1,0,1,1,1,0,0,1,1,1,1,0.076000,1954,69,13,4,608,3.6500,0.5389,43.109,1,267,5764,33.3,66.7,16.7,83.3
314,8,64,1,0,1,1,1,0,1,0,1,0,1,0,0.075000,1957,69,13,4,608,9.5600,0.5389,43.109,1,267,5764,0.0,100.0,83.3,16.7
314,10,64,1,0,1,0,0,0,0,1,0,0,0,0,0.075000,1957,69,13,4,608,9.4800,0.5389,43.109,1,267,5764,66.7,33.3,83.3,16.7
314,12,64,1,1,1,1,1,1,0,1,0,0,1,1,0.076000,1954,69,13,4,608,4.3600,0.5389,43.109,1,267,5764,33.3,66.7,16.7,83.3
314,14,64,1,0,0,0,1,0,1,1,0,0,1,0,0.075000,1954,69,13,4,608,9.5400,0.5389,43.109,1,267,5764,33.3,66.7,83.3,16.7
314,15,64,0,0,0,0,0,0,0,0,1,0,0,0,0.074000,1502,55,13,4,604,9.4500,0.4272,34.176,1,267,5764,83.3,16.7,100.0,0.0
314,17,64,0,0,0,1,1,1,1,1,1,1,1,0,0.075000,1958,69,13,4,608,10.6800,0.5389,43.109,1,267,5764,33.3,66.7,33.3,66.7
314,18,64,1,0,1,0,0,0,1,0,0,1,1,0,0.075000,1954,69,13,4,608,9.7000,0.5389,43.109,1,267,5764,33.3,66.7,83.3,16.7
314,19,64,1,1,1,1,1,1,0,1,1,1,0,0,0.075000,1952,69,13,4,608,3.1200,0.5389,43.109,1,267,5764,33.3,66.7,16.7,83.3
314,20,64,1,0,1,0,0,0,0,1,1,0,1,0,0.075000,1958,69,13,4,608,9.6500,0.5389,43.109,1,267,5764,33.3,66.7,83.3,16.7
314,22,64,0,0,0,1,0,1,1,0,0,1,0,1,0.076000,1952,69,13,4,608,9.9500,0.5389,43.109,1,267,5764,83.3,16.7,33.3,66.7
314,23,64,1,0,1,0,0,0,1,1,1,1,1,1,0.075000,1962,69,13,4,608,10.7300,0.5389,43.109,1,267,5764,16.7,83.3,50.0,50.0
314,24,64,0,0,1,0,0,0,0,0,0,0,0,1,0.075000,1959,69,13,4,608,9.5600,0.5389,43.109,1,267,5764,83.3,16.7,83.3,16.7
314,26,64,1,0,0,1,1,1,1,1,0,0,1,1,0.076000,1954,69,13,4,608,10.4500,0.5389,43.109,1,267,5764,33.3,66.7,33.3,66.7
315,0,64,0,0,0,0,0,0,0,0,1,0,1,1,0.075000,1962,69,13,4,608,9.8800,0.5389,43.109,1,267,5764,66.7,33.3,83.3,16.7
315,1,64,0,0,0,1,1,1,1,0,1,1,1,1,0.076000,1955,69,13,4,608,10.3500,0.5389,43.109,1,267,5764,33.3,66.7,33.3,66.7
315,3,64,1,0,0,0,1,1,1,1,1,1,1,1,0.075000,1954,69,13,4,608,24.0700,0.5389,43.109,1,267,5764,16.7,83.3,33.3,66.7
315,4,64,1,0,0,0,1,0,1,0,1,1,1,0,0.075000,1954,69,13,4,608,9.6900,0.5389,43.109,1,267,5764,16.7,83.3,83.3,16.7
315,9,64,0,1,1,0,1,0,1,0,1,0,1,0,0.075000,1959,69,13,4,608,1.8700,0.5389,43.109,1,267,5764,16.7,83.3,83.3,16.7
315,10,64,1,0,0,0,0,0,0,0,1,0,0,0,0.074000,1502,54,13,4,602,9.4500,0.4272,34.176,1,267,5764,66.7,33.3,100.0,0.0
315,12,64,0,0,0,1,0,1,0,1,0,1,1,1,0.075000,1954,69,13,4,608,11.9000,0.5389,43.109,1,267,5764,83.3,16.7,16.7,83.3
315,13,64,0,0,0,0,1,0,0,0,0,0,0,0,0.074000,1502,55,13,4,604,9.4100,0.4272,34.176,1,267,5764,83.3,16.7,100.0,0.0
315,14,64,0,0,0,0,0,0,0,0,0,1,0,1,0.075000,1345,53,9,4,600,9.7500,0.3560,28.480,1,267,5764,100.0,0.0,66.7,33.3
315,15,64,1,0,0,1,1,1,1,1,1,1,0,1,0.076000,1955,69,13,4,608,12.3800,0.5389,43.109,1,267,5764,33.3,66.7,16.7,83.3
315,16,64,1,0,1,0,0,0,1,0,0,0,1,0,0.074000,1502,55,13,4,604,9.5700,0.4272,34.176,1,267,5764,33.3,66.7,100.0,0.0
315,17,64,1,0,1,0,1,1,1,1,1,1,0,0,0.075000,1954,69,13,4,608,10.4500,0.5389,43.109,1,267,5764,16.7,83.3,50.0,50.0
315,20,64,0,0,0,1,1,1,0,1,0,1,0,1,0.076000,1954,69,13,4,608,11.1300,0.5389,43.109,1,267,5764,83.3,16.7,16.7,83.3
315,24,64,1,0,1,1,0,1,0,0,1,1,1,1,0.076000,1956,69,13,4,608,10.3900,0.5389,43.109,1,267,5764,33.3,66.7,33.3,66.7
315,25,64,1,1,0,0,0,0,0,0,0,0,0,1,0.076000,1959,69,13,4,608,1.7900,0.5389,43.109,1,267,5764,83.3,16.7,66.7,33.3
315,27,64,1,1,0,1,1,1,1,1,0,1,1,1,0.075000,1907,69,13,4,599,15.7500,0.5389,43.109,1,267,5764,33.3,66.7,0.0,100.0
315,28,64,1,1,1,1,1,0,0,1,1,1,1,1,0.076000,1954,69,13,4,608,5.9400,0.5389,43.109,1,267,5764,16.7,83.3,16.7,83.3
315,29,64,1,0,1,0,1,1,1,0,0,0,1,0,0.075000,1954,69,13,4,608,9.6600,0.5389,43.109,1,267,5764,16.7,83.3,83.3,16.7
316,0,64,1,0,1,0,1,0,1,0,0,0,0,1,0.075000,1963,69,13,4,608,9.4700,0.5389,43.109,1,267,5764,33.3,66.7,83.3,16.7
316,1,64,0,0,1,0,1,0,1,0,0,0,1,0,0.074000,1502,55,13,4,604,9.5700,0.4272,34.176,1,267,5764,33.3,66.7,100.0,0.0
316,5,64,1,1,0,0,1,1,1,1,1,1,1,1,0.076000,1969,69,13,4,608,10.6400,0.5393,43.147,1,267,5764,16.7,83.3,16.7,83.3
316,6,64,0,0,0,0,0,0,1,1,0,0,0,1,0.075000,1954,69,13,4,608,9.4200,0.5389,43.109,1,267,5764,83.3,16.7,66.7,33.3
316,8,64,1,0,1,0,0,0,0,0,0,0,1,0,0.074000,1502,55,13,4,604,9.6200,0.4272,34.176,1,267,5764,50.0,50.0,100.0,0.0
316,9,64,0,0,0,0,1,1,0,0,1,0,0,0,0.075000,1954,69,13,4,608,9.6100,0.5389,43.109,1,267,5764,66.7,33.3,83.3,16.7
316,10,64,0,0,0,0,0,0,0,0,1,1,0,1,0.075000,1954,69,13,4,608,9.8500,0.5389,43.109,1,267,5764,83.3,16.7,66.7,33.3
316,12,64,1,0,1,0,1,0,0,1,0,0,1,0,0.075000,1954,69,13,4,608,9.7000,0.5389,43.109,1,267,5764,33.3,66.7,83.3,16.7
316,15,64,0,0,0,0,0,0,1,0,0,0,1,0,0.074000,1502,55,13,4,604,9.5700,0.4272,34.176,1,267,5764,66.7,33.3,100.0,0.0
316,19,64,0,0,1,1,0,0,1,1,0,1,0,0,0.075000,1954,69,13,4,608,9.7000,0.5389,43.109,1,267,5764,66.7,33.3,50.0,50.0
316,21,64,1,0,1,0,0,0,1,1,0,0,1,0,0.075000,1954,69,13,4,608,9.5400,0.5389,43.109,1,267,5764,33.3,66.7,83.3,16.7
316,24,64,0,0,1,0,0,1,0,0,1,1,1,1,0.075000,1954,69,13,4,608,10.3900,0.5389,43.109,1,267,5764,50.0,50.0,50.0,50.0
316,25,64,1,1,1,1,1,1,0,1,1,0,1,1,0.076000,1954,69,13,4,608,4.5600,0.5389,43.109,1,267,5764,16.7,83.3,16.7,83.3
316,26,64,0,0,0,0,0,0,1,1,0,1,0,1,0.075000,1961,69,13,4,608,10.1000,0.5389,43.109,1,267,5764,83.3,16.7,50.0,50.0
316,28,64,1,0,0,1,1,1,1,1,1,1,0,0,0.075000,1957,69,13,4,608,10.4500,0.5389,43.109,1,267,5764,33.3,66.7,33.3,66.7
316,29,64,0,0,1,0,0,0,1,0,0,0,1,0,0.074000,1502,55,13,4,604,9.5700,0.4272,34.176,1,267,5764,50.0,50.0,100.0,0.0
317,0,64,1,0,1,0,1,1,1,1,1,1,0,1,0.075000,1954,69,13,4,608,12.3800,0.5389,43.109,1,267,5764,16.7,83.3,33.3,66.7
317,3,64,0,0,1,1,0,0,1,1,1,1,0,1,0.076000,1954,69,13,4,608,10.4100,0.5389,43.109,1,267,5764,50.0,50.0,33.3,66.7
317,4,64,1,0,0,0,0,0,0,0,0,0,1,0,0.074000,1502,55,13,4,604,9.6200,0.4272,34.176,1,267,5764,66.7,33.3,100.0,0.0
317,7,64,0,0,1,0,0,0,0,0,0,0,1,0,0.074000,1502,54,13,4,602,9.6200,0.4272,34.176,1,267,5764,66.7,33.3,100.0,0.0
317,10,64,1,0,1,0,0,0,1,0,1,0,1,1,0.075000,1959,69,13,4,608,9.8200,0.5389,43.109,1,267,5764,16.7,83.3,83.3,16.7
317,11,64,0,1,0,1,0,1,0,1,0,1,1,1,0.075000,1907,69,13,4,599,11.7300,0.5389,43.109,1,267,5764,83.3,16.7,0.0,100.0
317,12,64,0,1,0,0,0,0,0,0,0,1,0,1,0.075000,1345,54,9,4,602,1.9800,0.3560,28.480,1,267,5764,100.0,0.0,50.0,50.0
317,14,64,0,0,0,0,1,0,1,1,1,1,1,1,0.075000,1964,69,13,4,608,10.7300,0.5389,43.109,1,267,5764,33.3,66.7,50.0,50.0
317,15,64,1,1,0,1,1,1,1,1,1,1,1,0,0.075000,1952,69,13,4,608,3.1800,0.5389,43.109,1,267,5764,16.7,83.3,16.7,83.3
317,19,64,0,0,0,0,0,0,1,0,0,1,0,1,0.075000,1954,69,13,4,608,9.6500,0.5389,43.109,1,267,5764,83.3,16.7,66.7,33.3
317,21,64,1,0,0,0,1,0,0,0,0,0,1,0,0.074000,1502,55,13,4,604,9.6200,0.4272,34.176,1,267,5764,50.0,50.0,100.0,0.0
317,29,64,0,0,0,1,0,1,1,1,0,1,0,1,0.075000,1954,69,13,4,608,11.2500,0.5389,43.109,1,267,5764,83.3,16.7,16.7,83.3
318,0,64,1,0,0,0,1,1,0,0,0,0,1,0,0.075000,1954,69,13,4,608,9.9000,0.5389,43.109,1,267,5764,50.0,50.0,83.3,16.7
318,1,64,0,0,1,1,0,0,1,1,0,1,1,1,0.076000,1954,69,13,4,608,10.3800,0.5389,43.109,1,267,5764,50.0,50.0,33.3,66.7
318,3,64,1,0,1,0,1,1,1,0,1,1,1,1,0.075000,1957,69,13,4,608,10.3500,0.5389,43.109,1,267,5764,0.0,100.0,50.0,50.0
318,10,64,1,0,0,0,1,1,0,0,1,1,1,1,0.075000,1954,69,13,4,608,10.3900,0.5389,43.109,1,267,5764,33.3,66.7,50.0,50.0
318,14,64,1,0,1,0,1,0,0,0,0,0,1,0,0.074000,1502,55,13,4,604,9.6200,0.4272,34.176,1,267,5764,33.3,66.7,100.0,0.0
318,17,64,0,0,1,0,0,0,0,0,0,1,1,0,0.075000,1957,69,13,4,608,9.7800,0.5389,43.109,1,267,5764,66.7,33.3,83.3,16.7
318,18,64,1,1,1,1,0,1,1,1,1,1,1,0,0.075000,1952,69,13,4,608,2.7800,0.5389,43.109,1,267,5764,16.7,83.3,16.7,83.3
318,20,64,1,0,0,0,1,0,0,0,0,0,0,1,0.075000,1962,69,13,4,608,9.5600,0.5389,43.109,1,267,5764,66.7,33.3,83.3,16.7
318,21,64,0,0,1,0,1,1,1,0,0,0,1,1,0.075000,1952,69,13,4,608,9.9200,0.5389,43.109,1,267,5764,33.3,66.7,66.7,33.3
318,22,64,1,1,0,1,1,1,0,1,1,1,1,1,0.075000,1907,69,13,4,599,17.6800,0.5389,43.109,1,267,5764,33.3,66.7,0.0,100.0
318,23,64,0,0,0,0,0,0,0,0,0,1,1,0,0.075000,1954,69,13,4,608,9.7800,0.5389,43.109,1,267,5764,83.3,16.7,83.3,16.7
318,26,64,1,1,0,0,0,1,1,1,1,1,1,1,0.076000,1957,69,13,4,608,9.2400,0.5389,43.109,1,267,5764,33.3,66.7,16.7,83.3
318,27,64,0,0,0,0,1,1,1,1,0,0,1,1,0.075000,1969,69,13,4,608,10.4500,0.5393,43.147,1,267,5764,50.0,50.0,50.0,50.0
319,0,64,0,0,1,0,0,1,1,1,1,1,0,0,0.075000,1954,69,13,4,608,10.3300,0.5389,43.109,1,267,5764,50.0,50.0,50.0,50.0
319,3,64,1,0,0,1,0,0,0,0,0,0,1,0,0.075000,1954,69,13,4,608,9.6200,0.5389,43.109,1,267,5764,66.7,33.3,83.3,16.7
319,4,64,0,0,0,0,0,0,0,0,1,0,0,1,0.075000,1959,69,13,4,608,9.6400,0.5389,43.109,1,267,5764,83.3,16.7,83.3,16.7
319,11,64,0,0,0,0,0,1,0,1,0,1,0,1,0.075000,1345,53,9,4,600,11.2100,0.3560,28.480,1,267,5764,100.0,0.0,33.3,66.7
319,13,64,1,0,1,0,0,1,0,0,0,0,1,0,0.075000,1954,69,13,4,608,9.9300,0.5389,43.109,1,267,5764,50.0,50.0,83.3,16.7
319,15,64,1,1,1,1,1,1,0,1,1,1,1,0,0.075000,1952,69,13,4,608,2.9900,0.5389,43.109,1,267,5764,16.7,83.3,16.7,83.3
319,16,64,1,1,1,0,1,0,0,0,0,0,1,0,0.076000,1959,69,13,4,608,1.7300,0.5389,43.109,1,267,5764,33.3,66.7,83.3,16.7
319,17,64,0,0,1,0,0,0,1,0,0,1,1,0,0.075000,1954,69,13,4,608,9.7000,0.5389,43.109,1,267,5764,50.0,50.0,83.3,16.7
319,24,64,0,0,0,1,0,1,0,1,0,1,0,0,0.075000,1346,54,9,4,602,10.1700,0.3557,28.458,1,267,5764,100.0,0.0,33.3,66.7
319,26,64,0,0,0,1,0,1,1,1,0,0,0,1,0.075000,1954,69,13,4,608,9.9300,0.5389,43.109,1,267,5764,83.3,16.7,33.3,66.7
319,27,64,0,0,1,0,0,0,1,1,0,0,1,0,0.075000,1954,69,13,4,608,9.5400,0.5389,43.109,1,267,5764,50.0,50.0,83.3,16.7
319,28,64,1,0,1,0,0,0,0,0,1,1,1,0,0.075000,1958,69,13,4,608,9.7400,0.5389,43.109,1,267,5764,33.3,66.7,83.3,16.7
319,29,64,1,0,1,0,1,0,0,0,0,1,1,0,0.075000,1954,69,13,4,608,9.7800,0.5389,43.109,1,267,5764,33.3,66.7,83.3,16.7
320,1,64,0,0,0,0,0,1,0,1,0,0,0,1,0.075000,1343,54,9,4,602,10.1600,0.3557,28.458,1,267,5764,100.0,0.0,50.0,50.0
320,8,64,0,0,0,1,0,1,0,1,0,0,0,1,0.075000,1345,54,9,4,602,10.1600,0.3560,28.480,1,267,5764,100.0,0.0,33.3,66.7
320,9,64,0,0,0,1,0,0,0,1,0,1,0,0,0.075000,1343,54,9,4,602,9.6600,0.3557,28.458,1,267,5764,100.0,0.0,50.0,50.0
320,11,64,1,0,0,0,1,0,0,0,0,1,1,0,0.075000,1954,69,13,4,608,9.7800,0.5389,43.109,1,267,5764,50.0,50.0,83.3,16.7
320,14,64,0,0,0,1,0,1,1,1,0,1,0,0,0.075000,1956,69,13,4,608,10.1100,0.5389,43.109,1,267,5764,83.3,16.7,33.3,66.7
320,18,64,0,0,0,0,1,1,0,1,0,1,0,1,0.075000,1954,69,13,4,608,11.1300,0.5389,43.109,1,267,5764,83.3,16.7,33.3,66.7
320,19,64,1,0,0,0,0,1,0,0,0,0,1,0,0.075000,1954,69,13,4,608,9.9300,0.5389,43.109,1,267,5764,66.7,33.3,83.3,16.7
320,21,64,1,1,1,1,0,1,1,1,0,1,1,1,0.075000,1907,69,13,4,599,15.1900,0.5389,43.109,1,267,5764,33.3,66.7,0.0,100.0
320,23,64,0,0,0,0,0,1,0,0,0,1,0,1,0.075000,1345,54,9,4,602,10.0800,0.3560,28.480,1,267,5764,100.0,0.0,50.0,50.0
320,24,64,0,0,1,0,1,1,1,0,1,0,1,0,0.075000,1954,69,13,4,608,9.7300,0.5389,43.109,1,267,5764,16.7,83.3,83.3,16.7
320,25,64,0,0,0,1,0,0,0,1,0,0,0,0,0.075000,1345,53,9,4,600,9.4800,0.3560,28.480,1,267,5764,100.0,0.0,66.7,33.3
320,27,64,0,0,0,0,0,0,1,0,0,0,0,0,0.074000,1502,55,13,4,604,9.4200,0.4272,34.176,1,267,5764,83.3,16.7,100.0,0.0
320,28,64,0,0,0,0,0,0,1,0,1,1,1,0,0.075000,1954,69,13,4,608,9.6900,0.5389,43.109,1,267,5764,50.0,50.0,83.3,16.7
320,29,64,0,0,0,0,0,0,0,1,0,1,0,1,0.075000,1349,54,9,4,602,9.9700,0.3557,28.458,1,267,5764,100.0,0.0,50.0,50.0
321,5,64,0,0,1,0,0,1,0,1,0,1,0,0,0.075000,1954,69,13,4,608,10.1700,0.5389,43.109,1,267,5764,83.3,16.7,50.0,50.0
321,6,64,0,0,0,1,0,0,0,0,0,0,1,0,0.075000,1954,69,13,4,608,9.6200,0.5389,43.109,1,267,5764,83.3,16.7,83.3,16.7
321,8,64,1,0,0,1,0,0,0,1,0,1,0,0,0.075000,1954,69,13,4,608,9.6600,0.5389,43.109,1,267,5764,83.3,16.7,50.0,50.0
321,11,64,1,1,1,1,0,1,1,1,1,1,0,1,0.075000,1907,69,13,4,599,13.0100,0.5389,43.109,1,267,5764,33.3,66.7,0.0,100.0
321,12,64,1,1,0,1,0,1,0,1,0,0,0,1,0.076000,1954,69,13,4,608,2.3200,0.5389,43.109,1,267,5764,83.3,16.7,16.7,83.3
321,15,64,0,0,0,1,0,0,1,0,0,0,1,0,0.075000,1954,69,13,4,608,9.5700,0.5389,43.109,1,267,5764,66.7,33.3,83.3,16.7
321,16,64,0,0,0,0,0,0,0,1,0,1,0,0,0.075000,1348,54,9,4,602,9.6600,0.3560,28.479,1,267,5764,100.0,0.0,66.7,33.3
321,18,64,0,0,0,0,0,1,1,0,0,1,0,1,0.075000,1954,69,13,4,608,9.9500,0.5389,43.109,1,267,5764,83.3,16.7,50.0,50.0
321,19,64,0,0,1,0,1,0,0,0,0,0,1,0,0.074000,1502,55,13,4,604,9.6200,0.4272,34.176,1,267,5764,50.0,50.0,100.0,0.0
321,21,64,0,0,0,1,0,1,0,1,1,1,0,0,0.075000,1959,69,13,4,608,10.2400,0.5389,43.109,1,267,5764,83.3,16.7,33.3,66.7
321,22,64,1,0,0,0,0,0,0,0,1,1,1,0,0.075000,1954,69,13,4,608,9.7400,0.5389,43.109,1,267,5764,50.0,50.0,83.3,16.7
321,23,64,1,0,0,1,1,1,1,1,0,1,1,1,0.076000,1955,69,13,4,608,12.7100,0.5389,43.109,1,267,5764,33.3,66.7,16.7,83.3
321,25,64,0,0,0,1,0,0,0,1,1,1,0,0,0.075000,1950,69,13,4,608,9.7200,0.5389,43.109,1,267,5764,83.3,16.7,50.0,50.0
321,27,64,0,0,1,0,1,1,0,0,0,0,1,0,0.075000,1954,69,13,4,608,9.9000,0.5389,43.109,1,267,5764,50.0,50.0,83.3,16.7
322,2,64,1,1,0,0,0,0,0,0,0,0,1,0,0.076000,1959,69,13,4,608,1.8200,0.5389,43.109,1,267,5764,66.7,33.3,83.3,16.7
322,5,64,1,0,1,0,1,0,0,0,1,1,1,0,0.075000,1954,69,13,4,608,9.7400,0.5389,43.109,1,267,5764,16.7,83.3,83.3,16.7
322,7,64,0,0,1,0,0,0,0,1,0,0,1,0,0.075000,1957,69,13,4,608,9.7000,0.5389,43.109,1,267,5764,66.7,33.3,83.3,16.7
322,8,64,0,0,1,0,1,1,0,0,1,1,1,1,0.075000,1952,69,13,4,608,10.3900,0.5389,43.109,1,267,5764,33.3,66.7,50.0,50.0
322,9,64,1,1,0,1,0,1,0,1,0,1,0,1,0.075000,1907,69,13,4,599,11.0400,0.5389,43.109,1,267,5764,83.3,16.7,0.0,100.0
322,11,64,0,0,1,0,1,1,1,1,0,0,1,1,0.075000,1952,69,13,4,608,10.4500,0.5389,43.109,1,267,5764,33.3,66.7,50.0,50.0
322,13,64,1,0,0,0,1,1,0,1,1,1,1,1,0.075000,1954,69,13,4,608,13.1400,0.5389,43.109,1,267,5764,33.3,66.7,33.3,66.7
322,14,64,0,0,0,1,1,1,0,1,0,1,0,0,0.075000,1956,69,13,4,608,10.1800,0.5389,43.109,1,267,5764,83.3,16.7,33.3,66.7
322,18,64,0,0,0,0,0,1,1,1,0,0,0,1,0.075000,1951,69,13,4,608,9.9300,0.5389,43.109,1,267,5764,83.3,16.7,50.0,50.0
322,21,64,1,1,0,0,0,1,0,1,0,0,0,1,0.076000,1952,69,13,4,608,2.3500,0.5389,43.109,1,267,5764,83.3,16.7,33.3,66.7
322,24,64,1,0,0,0,1,0,0,0,1,1,1,0,0.075000,1954,69,13,4,608,9.7400,0.5389,43.109,1,267,5764,33.3,66.7,83.3,16.7
322,25,64,1,0,0,1,1,1,0,0,1,1,1,1,0.076000,1953,69,13,4,608,10.3900,0.5389,43.109,1,267,5764,33.3,66.7,33.3,66.7
322,26,64,0,0,1,1,0,0,1,1,0,0,1,1,0.075000,1974,69,13,4,608,9.7200,0.5350,42.798,1,267,5764,50.0,50.0,50.0,50.0
322,28,64,0,0,1,0,1,0,0,0,0,0,0,1,0.075000,1959,69,13,4,608,9.5600,0.5389,43.109,1,267,5764,66.7,33.3,83.3,16.7
322,29,64,0,0,0,0,0,1,0,1,0,1,1,0,0.075000,1954,69,13,4,608,10.3200,0.5389,43.109,1,267,5764,83.3,16.7,50.0,50.0
323,0,64,0,0,1,0,1,0,0,0,0,0,1,1,0.075000,1959,69,13,4,608,9.8300,0.5389,43.109,1,267,5764,50.0,50.0,83.3,16.7
323,1,64,1,0,0,0,1,1,1,1,0,0,1,1,0.075000,1952,69,13,4,608,10.4500,0.5389,43.109,1,267,5764,33.3,66.7,50.0,50.0
323,3,64,1,1,0,1,1,1,1,1,1,1,0,1,0.075000,1907,69,13,4,599,13.3100,0.5389,43.109,1,267,5764,33.3,66.7,0.0,100.0
323,9,64,0,0,0,0,1,1,1,1,1,1,1,0,0.075000,1957,69,13,4,608,10.6800,0.5389,43.109,1,267,5764,33.3,66.7,50.0,50.0
323,11,64,0,0,0,0,0,1,0,1,0,0,1,1,0.075000,1951,69,13,4,608,10.4500,0.5389,43.109,1,267,5764,83.3,16.7,50.0,50.0
323,18,64,0,0,0,1,0,0,1,1,0,1,0,0,0.075000,1950,69,13,4,608,9.7000,0.5389,43.109,1,267,5764,83.3,16.7,50.0,50.0
323,19,64,0,0,0,1,0,1,0,1,0,1,1,0,0.075000,1956,69,13,4,608,10.3200,0.5389,43.109,1,267,5764,83.3,16.7,33.3,66.7
323,23,64,0,0,0,0,0,1,0,1,0,1,1,1,0.075000,1954,69,13,4,608,11.9000,0.5389,43.109,1,267,5764,83.3,16.7,33.3,66.7
323,29,64,0,0,0,0,0,0,0,1,0,0,0,1,0.075000,1345,54,9,4,602,9.6100,0.3560,28.480,1,267,5764,100.0,0.0,66.7,33.3
324,3,64,0,0,0,0,0,0,0,1,0,1,1,0,0.075000,1961,69,13,4,608,9.8100,0.5389,43.109,1,267,5764,83.3,16.7,66.7,33.3
324,5,64,1,0,1,0,0,0,0,1,0,0,1,0,0.075000,1954,69,13,4,608,9.7000,0.5389,43.109,1,267,5764,50.0,50.0,83.3,16.7
324,7,64,1,1,0,1,0,0,0,1,0,1,0,0,0.076000,1954,69,13,4,608,1.8500,0.5389,43.109,1,267,5764,83.3,16.7,33.3,66.7
324,10,64,0,1,0,0,0,1,0,1,0,0,0,1,0.075000,1343,54,9,4,602,2.3100,0.3557,28.458,1,267,5764,100.0,0.0,33.3,66.7
324,12,64,0,0,0,0,0,1,0,1,1,1,0,1,0.075000,1954,69,13,4,608,11.3800,0.5389,43.109,1,267,5764,83.3,16.7,33.3,66.7
324,15,64,0,0,0,0,0,1,1,0,0,0,0,1,0.075000,1951,69,13,4,608,9.7300,0.5389,43.109,1,267,5764,83.3,16.7,66.7,33.3
324,19,64,0,1,1,0,0,0,0,0,0,0,1,0,0.075000,1962,69,13,4,608,1.9400,0.5389,43.109,1,267,5764,66.7,33.3,83.3,16.7
324,26,64,1,0,0,0,1,0,1,0,0,0,0,1,0.075000,1959,69,13,4,608,9.4700,0.5389,43.109,1,267,5764,50.0,50.0,83.3,16.7
324,27,64,0,1,0,1,0,1,0,1,0,1,1,0,0.075000,1952,69,13,4,608,2.6600,0.5389,43.109,1,267,5764,83.3,16.7,16.7,83.3
324,28,64,1,0,1,1,1,0,0,0,0,0,1,0,0.075000,1954,69,13,4,608,9.6200,0.5389,43.109,1,267,5764,33.3,66.7,83.3,16.7
324,29,64,1,0,0,1,1,0,1,0,0,0,1,0,0.075000,1954,69,13,4,608,9.5700,0.5389,43.109,1,267,5764,33.3,66.7,83.3,16.7
325,2,64,1,0,0,0,0,0,0,1,0,0,1,0,0.075000,1954,69,13,4,608,9.7000,0.5389,43.109,1,267,5764,66.7,33.3,83.3,16.7
325,5,64,1,0,1,0,0,0,0,0,0,1,1,0,0.075000,1954,69,13,4,608,9.7800,0.5389,43.109,1,267,5764,50.0,50.0,83.3,16.7
325,8,64,0,0,0,1,0,0,0,1,0,1,0,1,0.075000,1345,54,9,4,602,9.9700,0.3560,28.480,1,267,5764,100.0,0.0,33.3,66.7
325,9,64,0,0,0,0,0,0,1,1,0,1,1,1,0.075000,1962,69,13,4,608,10.3800,0.5389,43.109,1,267,5764,66.7,33.3,50.0,50.0
325,10,64,0,0,0,0,0,0,0,1,0,1,1,1,0.075000,1961,69,13,4,608,10.1800,0.5389,43.109,1,267,5764,83.3,16.7,50.0,50.0
325,14,64,0,0,0,0,0,0,1,0,0,0,1,1,0.075000,1959,69,13,4,608,9.8000,0.5389,43.109,1,267,5764,66.7,33.3,83.3,16.7
325,19,64,1,0,1,0,1,1,0,0,0,0,1,0,0.075000,1954,69,13,4,608,9.9000,0.5389,43.109,1,267,5764,33.3,66.7,83.3,16.7
325,24,64,1,0,0,0,0,0,0,1,0,1,0,1,0.075000,1962,69,13,4,608,9.9700,0.5389,43.109,1,267,5764,83.3,16.7,50.0,50.0
325,26,64,0,0,0,0,1,0,0,0,0,0,1,0,0.074000,1502,55,13,4,604,9.6200,0.4272,34.176,1,267,5764,66.7,33.3,100.0,0.0
325,27,64,0,0,1,0,1,1,1,0,0,0,1,0,0.075000,1954,69,13,4,608,9.6600,0.5389,43.109,1,267,5764,33.3,66.7,83.3,16.7
326,2,64,0,0,0,0,0,1,0,1,0,1,0,0,0.075000,1345,54,9,4,602,10.1700,0.3560,28.480,1,267,5764,100.0,0.0,50.0,50.0
326,6,64,1,0,0,0,0,1,0,1,0,0,0,1,0.075000,1952,69,13,4,608,10.1600,0.5389,43.109,1,267,5764,83.3,16.7,50.0,50.0
326,7,64,0,0,0,1,1,0,0,0,0,0,1,0,0.075000,1954,69,13,4,608,9.6200,0.5389,43.109,1,267,5764,66.7,33.3,83.3,16.7
326,10,64,0,0,1,1,0,1,0,1,0,1,0,0,0.075000,1956,69,13,4,608,10.1700,0.5389,43.109,1,267,5764,83.3,16.7,33.3,66.7
326,12,64,1,0,1,0,1,0,1,0,0,0,0,0,0.074000,1498,53,13,4,600,9.4200,0.4272,34.176,1,267,5764,33.3,66.7,100.0,0.0
326,13,64,0,0,1,0,0,0,0,1,0,1,0,0,0.075000,1965,69,13,4,608,9.6600,0.5389,43.109,1,267,5764,83.3,16.7,66.7,33.3
326,15,64,1,0,0,0,0,0,0,0,0,0,0,0,0.074000,1502,55,13,4,604,9.4100,0.4272,34.176,1,267,5764,83.3,16.7,100.0,0.0
326,18,64,0,0,0,1,0,0,0,0,0,1,0,0,0.075000,1345,54,9,4,602,9.6300,0.3560,28.480,1,267,5764,100.0,0.0,66.7,33.3
326,19,64,1,1,1,1,1,1,1,1,1,1,1,0,0.075000,1955,69,13,4,608,3.7700,0.5389,43.109,1,267,5764,0.0,100.0,16.7,83.3
326,20,64,1,1,0,1,1,1,0,1,1,1,1,0,0.075000,1952,69,13,4,608,2.4900,0.5389,43.109,1,267,5764,33.3,66.7,16.7,83.3
326,21,64,0,0,0,0,0,0,0,1,0,0,0,0,0.075000,1345,54,9,4,602,9.4800,0.3560,28.480,1,267,5764,100.0,0.0,83.3,16.7
326,22,64,1,0,0,0,0,0,0,0,0,0,1,1,0.075000,1959,69,13,4,608,9.8300,0.5389,43.109,1,267,5764,66.7,33.3,83.3,16.7
327,1,64,0,0,0,0,1,0,0,0,0,1,1,0,0.075000,1954,69,13,4,608,9.7800,0.5389,43.109,1,267,5764,66.7,33.3,83.3,16.7
327,3,64,0,0,0,0,1,1,1,1,1,1,0,0,0.075000,1974,69,13,4,608,10.4500,0.5350,42.798,1,267,5764,50.0,50.0,50.0,50.0
327,4,64,0,0,0,0,0,1,0,1,0,0,0,0,0.075000,1345,53,9,4,600,10.0000,0.3560,28.480,1,267,5764,100.0,0.0,66.7,33.3
327,6,64,0,0,0,0,1,0,0,1,0,0,0,1,0.075000,1954,69,13,4,608,9.6100,0.5389,43.109,1,267,5764,83.3,16.7,66.7,33.3
327,8,64,0,0,0,1,1,1,0,1,0,0,0,1,0.075000,1954,69,13,4,608,10.1300,0.5389,43.109,1,267,5764,83.3,16.7,33.3,66.7
327,10,64,1,0,1,0,1,0,1,0,0,0,1,1,0.075000,1959,69,13,4,608,9.8000,0.5389,43.109,1,267,5764,16.7,83.3,83.3,16.7
327,13,64,0,0,1,0,1,1,1,1,1,1,1,0,0.075000,1954,69,13,4,608,10.6800,0.5389,43.109,1,267,5764,16.7,83.3,50.0,50.0
327,16,64,1,0,0,0,1,0,0,0,0,0,1,1,0.075000,1959,69,13,4,608,9.8300,0.5389,43.109,1,267,5764,50.0,50.0,83.3,16.7
327,17,64,0,0,0,0,1,0,0,1,0,0,1,0,0.075000,1954,69,13,4,608,9.7000,0.5389,43.109,1,267,5764,66.7,33.3,83.3,16.7
327,19,64,0,0,1,0,1,0,0,0,1,1,1,0,0.075000,1954,69,13,4,608,9.7400,0.5389,43.109,1,267,5764,33.3,66.7,83.3,16.7
327,20,64,1,1,0,0,0,1,0,1,0,1,0,1,0.076000,1952,69,13,4,608,3.6300,0.5389,43.109,1,267,5764,83.3,16.7,16.7,83.3
327,22,64,0,0,0,1,0,1,0,0,0,1,0,1,0.075000,1343,54,9,4,602,10.0800,0.3557,28.458,1,267,5764,100.0,0.0,33.3,66.7
327,28,64,1,0,0,0,1,1,1,1,1,1,0,0,0.075000,1954,69,13,4,608,10.4500,0.5389,43.109,1,267,5764,33.3,66.7,50.0,50.0
328,1,64,0,0,0,1,1,0,1,0,0,0,1,0,0.075000,1954,69,13,4,608,9.5700,0.5389,43.109,1,267,5764,50.0,50.0,83.3,16.7
328,3,64,1,0,1,0,1,0,0,1,0,0,0,0,0.075000,1954,69,13,4,608,9.4800,0.5389,43.109,1,267,5764,50.0,50.0,83.3,16.7
328,6,64,0,0,0,0,0,0,0,1,0,0,1,0,0.075000,1954,69,13,4,608,9.7000,0.5389,43.109,1,267,5764,83.3,16.7,83.3,16.7
328,11,64,0,0,0,1,0,1,0,0,1,1,0,1,0.076000,1952,69,13,4,608,10.2100,0.5389,43.109,1,267,5764,83.3,16.7,33.3,66.7
328,13,64,0,0,0,1,0,1,0,0,0,1,0,0,0.075000,1342,54,9,4,602,9.9100,0.3560,28.479,1,267,5764,100.0,0.0,50.0,50.0
328,16,64,0,0,1,0,0,1,1,0,0,0,1,0,0.075000,1954,69,13,4,608,9.8200,0.5389,43.109,1,267,5764,50.0,50.0,83.3,16.7
328,19,64,0,0,0,0,1,0,0,1,0,1,0,0,0.075000,1961,69,13,4,608,9.6600,0.5389,43.109,1,267,5764,83.3,16.7,66.7,33.3
328,21,64,0,1,0,1,0,0,0,1,0,1,0,1,0.075000,1345,54,9,4,602,2.2000,0.3560,28.480,1,267,5764,100.0,0.0,16.7,83.3
328,24,64,0,0,1,0,0,1,0,0,0,0,1,0,0.075000,1957,69,13,4,608,9.9300,0.5389,43.109,1,267,5764,66.7,33.3,83.3,16.7
328,28,64,0,0,0,0,1,1,0,1,0,0,0,1,0.075000,1952,69,13,4,608,10.1300,0.5389,43.109,1,267,5764,83.3,16.7,50.0,50.0
328,29,64,1,0,0,0,1,1,1,1,1,1,1,0,0.075000,1954,69,13,4,608,10.6800,0.5389,43.109,1,267,5764,16.7,83.3,50.0,50.0
329,3,64,1,0,0,1,0,1,0,1,0,1,0,0,0.075000,1957,69,13,4,608,10.1700,0.5389,43.109,1,267,5764,83.3,16.7,33.3,66.7
329,5,64,0,0,0,1,0,1,0,0,1,1,0,0,0.075000,1951,69,13,4,608,10.0000,0.5389,43.109,1,267,5764,83.3,16.7,50.0,50.0
329,11,64,0,0,0,0,0,1,1,0,0,1,0,0,0.075000,1954,69,13,4,608,9.7800,0.5389,43.109,1,267,5764,83.3,16.7,66.7,33.3
329,12,64,0,0,0,1,0,1,0,0,0,1,1,0,0.075000,1951,69,13,4,608,10.0700,0.5389,43.109,1,267,5764,83.3,16.7,50.0,50.0
329,16,64,0,0,1,0,0,1,0,1,0,0,0,1,0.075000,1954,69,13,4,608,10.1600,0.5389,43.109,1,267,5764,83.3,16.7,50.0,50.0
329,17,64,0,0,0,1,0,0,0,0,0,0,0,0,0.075000,1345,54,9,4,602,9.4100,0.3560,28.480,1,267,5764,100.0,0.0,83.3,16.7
329,20,64,0,0,0,1,0,1,0,0,0,0,0,1,0.075000,1349,54,9,4,602,9.8700,0.3557,28.458,1,267,5764,100.0,0.0,50.0,50.0
329,21,64,1,0,1,0,1,1,1,0,0,0,0,0,0.075000,1958,69,13,4,608,9.3400,0.5389,43.109,1,267,5764,33.3,66.7,83.3,16.7
329,22,64,0,0,0,0,0,1,0,0,0,0,1,0,0.075000,1954,69,13,4,608,9.9300,0.5389,43.109,1,267,5764,83.3,16.7,83.3,16.7
329,24,64,0,0,1,0,1,0,1,1,1,1,1,1,0.075000,1961,69,13,4,608,10.7300,0.5389,43.109,1,267,5764,16.7,83.3,50.0,50.0
329,26,64,0,0,0,0,1,1,0,0,0,0,1,0,0.075000,1954,69,13,4,608,9.9000,0.5389,43.109,1,267,5764,66.7,33.3,83.3,16.7
329,29,64,0,0,0,0,1,0,1,1,0,0,1,0,0.075000,1954,69,13,4,608,9.5400,0.5389,43.109,1,267,5764,50.0,50.0,83.3,16.7
330,5,64,0,0,1,0,0,0,1,0,0,0,0,1,0.075000,1962,69,13,4,608,9.4700,0.5389,43.109,1,267,5764,66.7,33.3,83.3,16.7
330,23,64,0,0,1,1,0,1,0,0,0,1,0,1,0.076000,1952,69,13,4,608,10.0800,0.5389,43.109,1,267,5764,83.3,16.7,33.3,66.7
330,24,64,1,0,1,0,1,0,1,1,0,0,0,0,0.075000,1958,69,13,4,608,9.4200,0.5389,43.109,1,267,5764,33.3,66.7,83.3,16.7
331,4,64,0,0,0,1,0,1,0,1,1,0,1,1,0.075000,1957,69,13,4,608,10.4800,0.5389,43.109,1,267,5764,66.7,33.3,33.3,66.7
331,14,64,0,0,0,1,0,1,0,0,0,1,1,1,0.076000,1952,69,13,4,608,10.2900,0.5389,43.109,1,267,5764,83.3,16.7,33.3,66.7
331,15,64,0,0,0,0,1,0,0,0,0,0,1,1,0.075000,1959,69,13,4,608,9.8300,0.5389,43.109,1,267,5764,66.7,33.3,83.3,16.7
331,17,64,1,0,1,0,1,0,1,0,0,1,0,0,0.075000,1958,69,13,4,608,9.5900,0.5389,43.109,1,267,5764,33.3,66.7,83.3,16.7
331,18,64,1,0,0,0,1,1,1,1,0,1,1,1,0.075000,1954,69,13,4,608,12.7100,0.5389,43.109,1,267,5764,33.3,66.7,33.3,66.7
331,25,64,0,0,0,0,1,0,1,0,0,0,1,0,0.074000,1502,55,13,4,604,9.5700,0.4272,34.176,1,267,5764,50.0,50.0,100.0,0.0
332,0,64,0,1,0,0,1,0,0,0,0,0,1,0,0.075000,1959,69,13,4,608,1.9300,0.5389,43.109,1,267,5764,66.7,33.3,83.3,16.7
332,2,64,0,0,0,1,1,1,0,0,0,1,0,0,0.075000,1951,69,13,4,608,9.8400,0.5389,43.109,1,267,5764,83.3,16.7,50.0,50.0
332,7,64,0,0,0,0,0,1,0,0,0,0,0,1,0.075000,1342,54,9,4,602,9.8700,0.3560,28.479,1,267,5764,100.0,0.0,66.7,33.3
332,9,64,1,0,0,0,0,0,0,0,0,0,0,1,0.075000,1959,69,13,4,608,9.5600,0.5389,43.109,1,267,5764,83.3,16.7,83.3,16.7
332,16,64,1,0,0,0,1,0,0,1,1,1,1,0,0.075000,1962,69,13,4,608,9.7700,0.5389,43.109,1,267,5764,33.3,66.7,66.7,33.3
332,22,64,0,0,1,0,1,0,1,0,0,0,0,0,0.074000,1502,55,13,4,604,9.4200,0.4272,34.176,1,267,5764,50.0,50.0,100.0,0.0
332,24,64,1,1,0,0,0,1,0,1,0,1,0,0,0.076000,1954,69,13,4,608,2.2000,0.5389,43.109,1,267,5764,83.3,16.7,33.3,66.7
332,26,64,1,0,0,1,0,1,0,0,0,1,0,1,0.076000,1953,69,13,4,608,10.0800,0.5389,43.109,1,267,5764,83.3,16.7,33.3,66.7
332,29,64,0,0,0,1,0,1,0,1,0,0,0,0,0.075000,1345,54,9,4,602,10.0000,0.3560,28.480,1,267,5764,100.0,0.0,50.0,50.0
333,3,64,1,0,0,0,1,1,1,1,1,1,0,1,0.075000,1954,69,13,4,608,12.3800,0.5389,43.109,1,267,5764,33.3,66.7,33.3,66.7
333,5,64,1,0,1,0,0,0,1,0,0,0,0,0,0.074000,1502,55,13,4,604,9.4200,0.4272,34.176,1,267,5764,50.0,50.0,100.0,0.0
333,6,64,0,0,0,0,0,1,0,0,1,1,0,1,0.075000,1954,69,13,4,608,10.2100,0.5389,43.109,1,267,5764,83.3,16.7,50.0,50.0
333,8,64,1,0,1,0,1,0,1,0,1,1,0,0,0.075000,1954,69,13,4,608,9.6900,0.5389,43.109,1,267,5764,16.7,83.3,83.3,16.7
333,11,64,0,0,0,0,0,1,0,0,0,0,1,1,0.075000,1951,69,13,4,608,10.1600,0.5389,43.109,1,267,5764,83.3,16.7,66.7,33.3
333,14,64,0,0,0,0,1,0,1,0,0,0,0,1,0.075000,1962,69,13,4,608,9.4700,0.5389,43.109,1,267,5764,66.7,33.3,83.3,16.7
333,18,64,1,0,1,0,1,0,0,0,0,0,1,1,0.075000,1959,69,13,4,608,9.8300,0.5389,43.109,1,267,5764,33.3,66.7,83.3,16.7
333,19,64,1,1,1,1,1,1,0,1,1,1,0,1,0.075000,1907,69,13,4,599,13.2900,0.5389,43.109,1,267,5764,33.3,66.7,0.0,100.0
333,25,64,1,0,0,0,0,1,0,1,0,1,0,1,0.075000,1954,69,13,4,608,11.2100,0.5389,43.109,1,267,5764,83.3,16.7,33.3,66.7
333,28,64,1,1,0,0,1,0,1,0,0,0,1,0,0.076000,1959,69,13,4,608,1.9900,0.5389,43.109,1,267,5764,33.3,66.7,83.3,16.7
334,0,64,1,0,0,0,0,1,0,1,0,1,0,0,0.075000,1954,69,13,4,608,10.1700,0.5389,43.109,1,267,5764,83.3,16.7,50.0,50.0
334,3,64,0,0,0,0,0,1,1,1,0,1,0,1,0.075000,1954,69,13,4,608,11.2500,0.5389,43.109,1,267,5764,83.3,16.7,33.3,66.7
334,4,64,0,0,0,1,1,0,0,0,0,1,0,0,0.075000,1954,69,13,4,608,9.6300,0.5389,43.109,1,267,5764,83.3,16.7,66.7,33.3
334,6,64,1,0,0,0,0,0,1,0,0,0,1,0,0.074000,1502,55,13,4,604,9.5700,0.4272,34.176,1,267,5764,50.0,50.0,100.0,0.0
334,9,64,1,0,0,0,0,0,0,0,0,1,1,0,0.075000,1954,69,13,4,608,9.7800,0.5389,43.109,1,267,5764,66.7,33.3,83.3,16.7
334,12,64,1,0,1,0,0,1,1,0,0,0,0,0,0.075000,1954,69,13,4,608,9.6400,0.5389,43.109,1,267,5764,50.0,50.0,83.3,16.7
334,18,64,1,0,0,0,1,0,1,0,0,0,0,0,0.074000,1502,55,13,4,604,9.4200,0.4272,34.176,1,267,5764,50.0,50.0,100.0,0.0
334,19,64,1,1,0,0,1,1,0,1,1,1,1,1,0.076000,1954,69,13,4,608,7.8300,0.5389,43.109,1,267,5764,33.3,66.7,16.7,83.3
334,20,64,1,1,0,1,1,1,1,1,1,1,0,0,0.075000,1952,69,13,4,608,2.7900,0.5389,43.109,1,267,5764,33.3,66.7,16.7,83.3
334,22,64,1,0,0,0,1,0,0,0,0,0,0,0,0.074000,1502,54,13,4,602,9.4100,0.4272,34.176,1,267,5764,66.7,33.3,100.0,0.0
334,27,64,0,0,0,0,0,0,1,0,0,1,1,0,0.075000,1954,69,13,4,608,9.7000,0.5389,43.109,1,267,5764,66.7,33.3,83.3,16.7
335,0,64,1,1,0,0,1,0,0,0,0,0,1,0,0.076000,1959,69,13,4,608,1.7800,0.5389,43.109,1,267,5764,50.0,50.0,83.3,16.7
335,4,64,0,0,1,0,0,1,0,0,0,1,0,1,0.075000,1954,69,13,4,608,10.0800,0.5389,43.109,1,267,5764,83.3,16.7,50.0,50.0
335,9,64,0,1,0,1,1,0,0,1,0,1,0,1,0.076000,1954,69,13,4,608,2.4400,0.5389,43.109,1,267,5764,83.3,16.7,16.7,83.3
335,13,64,0,0,0,0,0,0,1,1,0,0,1,0,0.075000,1954,69,13,4,608,9.5400,0.5389,43.109,1,267,5764,66.7,33.3,83.3,16.7
335,28,64,1,0,0,1,0,1,0,0,0,1,0,0,0.075000,1951,69,13,4,608,9.9100,0.5389,43.109,1,267,5764,83.3,16.7,50.0,50.0
335,29,64,0,0,0,0,0,1,0,0,0,1,0,0,0.075000,1345,54,9,4,602,9.9100,0.3560,28.480,1,267,5764,100.0,0.0,66.7,33.3
336,2,64,1,1,1,0,0,0,1,1,1,1,1,1,0.076000,1956,69,13,4,608,4.6200,0.5389,43.109,1,267,5764,16.7,83.3,33.3,66.7
336,3,64,1,0,0,0,1,0,1,1,1,1,1,1,0.075000,1962,69,13,4,608,10.7300,0.5389,43.109,1,267,5764,16.7,83.3,50.0,50.0
336,14,64,1,0,0,0,0,1,1,0,0,0,1,0,0.075000,1954,69,13,4,608,9.8200,0.5389,43.109,1,267,5764,50.0,50.0,83.3,16.7
336,18,64,0,0,1,0,0,1,0,0,0,0,0,1,0.075000,1951,69,13,4,608,9.8700,0.5389,43.109,1,267,5764,83.3,16.7,66.7,33.3
337,6,64,0,0,1,0,1,0,1,1,0,0,1,0,0.075000,1954,69,13,4,608,9.5400,0.5389,43.109,1,267,5764,33.3,66.7,83.3,16.7
337,8,64,0,0,0,1,1,0,0,1,0,1,0,1,0.075000,1954,69,13,4,608,9.9700,0.5389,43.109,1,267,5764,83.3,16.7,33.3,66.7
337,16,64,0,0,0,0,1,1,1,0,0,0,1,0,0.075000,1954,69,13,4,608,9.6600,0.5389,43.109,1,267,5764,50.0,50.0,83.3,16.7
337,21,64,0,0,1,1,1,0,0,0,0,0,1,0,0.075000,1954,69,13,4,608,9.6200,0.5389,43.109,1,267,5764,50.0,50.0,83.3,16.7
337,26,64,0,1,0,0,1,1,1,1,0,1,1,1,0.076000,1952,69,13,4,608,4.8200,0.5389,43.109,1,267,5764,50.0,50.0,16.7,83.3
338,6,64,0,0,1,0,1,0,1,0,0,1,1,0,0.075000,1954,69,13,4,608,9.7000,0.5389,43.109,1,267,5764,33.3,66.7,83.3,16.7
338,15,64,0,0,0,1,0,1,0,0,0,0,0,0,0.075000,1351,54,9,4,602,9.7100,0.3560,28.480,1,267,5764,100.0,0.0,66.7,33.3
338,20,64,1,1,0,1,1,0,1,1,1,1,1,1,0.076000,1954,69,13,4,608,5.4700,0.5389,43.109,1,267,5764,16.7,83.3,16.7,83.3
339,0,64,0,0,1,0,1,0,0,1,0,0,1,0,0.075000,1954,69,13,4,608,9.7000,0.5389,43.109,1,267,5764,50.0,50.0,83.3,16.7
339,13,64,0,0,0,0,0,1,0,0,0,0,0,0,0.075000,1345,54,9,4,602,9.7100,0.3560,28.480,1,267,5764,100.0,0.0,83.3,16.7
339,19,64,1,1,0,1,1,1,1,0,1,1,1,1,0.076000,1954,69,13,4,608,4.2100,0.5389,43.109,1,267,5764,16.7,83.3,16.7,83.3
340,5,64,1,0,0,1,1,0,0,0,0,0,1,0,0.075000,1954,69,13,4,608,9.6200,0.5389,43.109,1,267,5764,50.0,50.0,83.3,16.7
340,9,64,1,1,0,0,0,0,1,1,1,1,1,1,0.076000,1972,69,13,4,608,4.4200,0.5393,43.147,1,267,5764,33.3,66.7,33.3,66.7
340,11,64,0,0,1,0,0,0,1,0,1,1,1,0,0.075000,1954,69,13,4,608,9.6900,0.5389,43.109,1,267,5764,33.3,66.7,83.3,16.7
340,13,64,0,0,0,0,1,1,0,0,0,0,0,1,0.075000,1951,69,13,4,608,9.7700,0.5389,43.109,1,267,5764,83.3,16.7,66.7,33.3
340,24,64,1,1,1,0,1,0,1,0,0,0,0,0,0.076000,1963,69,13,4,608,1.5800,0.5389,43.109,1,267,5764,33.3,66.7,83.3,16.7
340,27,64,0,0,1,0,0,1,0,0,0,1,0,0,0.075000,1954,69,13,4,608,9.9100,0.5389,43.109,1,267,5764,83.3,16.7,66.7,33.3
340,28,64,1,1,1,0,0,0,0,0,0,0,1,0,0.076000,1959,69,13,4,608,1.7700,0.5389,43.109,1,267,5764,50.0,50.0,83.3,16.7
341,9,64,0,0,0,1,0,1,1,0,0,1,0,0,0.075000,1951,69,13,4,608,9.7800,0.5389,43.109,1,267,5764,83.3,16.7,50.0,50.0
341,20,64,0,0,0,0,1,0,0,0,0,0,0,1,0.075000,1959,69,13,4,608,9.5600,0.5389,43.109,1,267,5764,83.3,16.7,83.3,16.7
341,22,64,0,1,1,0,0,1,0,1,0,1,0,1,0.076000,1954,69,13,4,608,3.3500,0.5389,43.109,1,267,5764,83.3,16.7,16.7,83.3
342,7,64,0,0,0,0,1,0,1,0,0,0,0,0,0.074000,1502,54,13,4,602,9.4200,0.4272,34.176,1,267,5764,66.7,33.3,100.0,0.0
342,11,64,1,1,0,1,0,1,0,1,0,1,0,0,0.075000,1952,69,13,4,608,2.4000,0.5389,43.109,1,267,5764,83.3,16.7,16.7,83.3
342,26,64,0,0,1,0,0,0,0,0,1,1,1,0,0.075000,1954,69,13,4,608,9.7400,0.5389,43.109,1,267,5764,50.0,50.0,83.3,16.7
343,1,64,1,0,1,0,0,0,0,0,1,1,0,1,0.075000,1954,69,13,4,608,9.8500,0.5389,43.109,1,267,5764,50.0,50.0,66.7,33.3
343,26,64,1,0,1,1,0,0,0,0,0,0,1,0,0.075000,1954,69,13,4,608,9.6200,0.5389,43.109,1,267,5764,50.0,50.0,83.3,16.7
343,29,64,0,0,1,1,0,1,0,0,0,0,0,1,0.076000,1962,69,13,4,608,9.8700,0.5389,43.109,1,267,5764,83.3,16.7,50.0,50.0
344,7,64,0,1,0,0,0,1,0,1,0,1,0,1,0.075000,1343,54,9,4,602,3.2800,0.3557,28.458,1,267,5764,100.0,0.0,16.7,83.3
344,11,64,0,0,0,0,0,1,0,1,0,0,1,0,0.075000,1954,69,13,4,608,10.2400,0.5389,43.109,1,267,5764,83.3,16.7,66.7,33.3
344,26,64,0,0,1,0,1,1,1,0,1,1,1,1,0.075000,1954,69,13,4,608,10.3500,0.5389,43.109,1,267,5764,16.7,83.3,50.0,50.0
345,7,64,1,0,0,0,1,0,0,1,0,0,1,0,0.075000,1954,69,13,4,608,9.7000,0.5389,43.109,1,267,5764,50.0,50.0,83.3,16.7
345,22,64,0,0,1,1,0,0,1,0,0,0,1,0,0.075000,1954,69,13,4,608,9.5700,0.5389,43.109,1,267,5764,50.0,50.0,83.3,16.7
345,28,64,0,0,1,1,0,1,0,0,0,1,0,0,0.075000,1950,69,13,4,608,9.9100,0.5389,43.109,1,267,5764,83.3,16.7,50.0,50.0
346,5,64,0,0,0,1,1,1,0,0,0,1,0,1,0.076000,1955,69,13,4,608,10.0600,0.5389,43.109,1,267,5764,83.3,16.7,33.3,66.7
346,7,64,0,0,0,0,0,1,0,1,1,1,0,0,0.075000,1954,69,13,4,608,10.2400,0.5389,43.109,1,267,5764,83.3,16.7,50.0,50.0
346,8,64,0,0,0,1,0,1,0,0,0,0,1,0,0.075000,1965,69,13,4,608,9.9300,0.5389,43.109,1,267,5764,83.3,16.7,66.7,33.3
346,9,64,0,0,0,1,0,1,0,0,1,0,0,0,0.075000,1965,69,13,4,608,9.7500,0.5389,43.109,1,267,5764,83.3,16.7,66.7,33.3
346,22,64,1,0,0,0,0,0,1,0,0,0,1,1,0.075000,1959,69,13,4,608,9.8000,0.5389,43.109,1,267,5764,50.0,50.0,83.3,16.7
346,24,64,0,0,0,0,1,1,0,1,0,1,0,0,0.075000,1954,69,13,4,608,10.1800,0.5389,43.109,1,267,5764,83.3,16.7,50.0,50.0
347,1,64,1,1,1,1,1,1,1,1,1,1,0,1,0.075000,1907,69,13,4,599,14.5100,0.5389,43.109,1,267,5764,16.7,83.3,0.0,100.0
347,13,64,0,0,0,1,1,0,0,0,0,1,0,1,0.075000,1954,69,13,4,608,9.7500,0.5389,43.109,1,267,5764,83.3,16.7,50.0,50.0
347,14,64,0,0,1,1,0,1,0,1,1,0,0,0,0.075000,1954,69,13,4,608,10.0000,0.5389,43.109,1,267,5764,66.7,33.3,50.0,50.0
347,15,64,1,0,0,0,0,0,1,0,0,0,0,1,0.075000,1959,69,13,4,608,9.4700,0.5389,43.109,1,267,5764,66.7,33.3,83.3,16.7
347,20,64,0,0,0,0,1,1,0,1,1,0,0,0,0.075000,1954,69,13,4,608,9.9200,0.5389,43.109,1,267,5764,66.7,33.3,66.7,33.3
348,29,64,0,0,0,0,1,0,0,1,0,1,0,1,0.075000,1961,69,13,4,608,9.9700,0.5389,43.109,1,267,5764,83.3,16.7,50.0,50.0
349,14,64,1,0,0,0,1,0,1,0,0,1,1,0,0.075000,1954,69,13,4,608,9.7000,0.5389,43.109,1,267,5764,33.3,66.7,83.3,16.7
351,9,64,0,0,1,0,1,0,1,0,1,1,1,0,0.075000,1954,69,13,4,608,9.6900,0.5389,43.109,1,267,5764,16.7,83.3,83.3,16.7
352,6,64,0,0,0,1,0,0,0,0,0,1,0,1,0.075000,1345,54,9,4,602,9.7500,0.3560,28.480,1,267,5764,100.0,0.0,50.0,50.0
352,9,64,0,0,1,0,1,0,1,0,0,0,0,1,0.075000,1959,69,13,4,608,9.4700,0.5389,43.109,1,267,5764,50.0,50.0,83.3,16.7
352,25,64,1,0,0,1,0,1,1,0,0,1,0,0,0.075000,1951,69,13,4,608,9.7800,0.5389,43.109,1,267,5764,66.7,33.3,50.0,50.0
352,26,64,1,0,0,0,0,1,0,0,0,0,0,1,0.075000,1950,69,13,4,608,9.8700,0.5389,43.109,1,267,5764,83.3,16.7,66.7,33.3
352,27,64,1,1,0,1,0,1,0,0,0,1,0,0,0.076000,1951,69,13,4,608,1.9400,0.5389,43.109,1,267,5764,83.3,16.7,33.3,66.7
352,29,64,0,0,0,1,0,0,1,0,0,1,0,0,0.075000,1954,69,13,4,608,9.5900,0.5389,43.109,1,267,5764,83.3,16.7,66.7,33.3
353,20,64,1,0,1,1,1,0,1,0,0,0,0,0,0.075000,1958,69,13,4,608,9.4200,0.5389,43.109,1,267,5764,33.3,66.7,83.3,16.7
354,2,64,0,0,1,0,1,0,1,0,0,0,1,1,0.075000,1959,69,13,4,608,9.8000,0.5389,43.109,1,267,5764,33.3,66.7,83.3,16.7
354,15,64,0,1,0,0,0,0,0,0,0,0,1,0,0.075000,1959,69,13,4,608,1.9300,0.5389,43.109,1,267,5764,83.3,16.7,83.3,16.7
354,19,64,1,0,0,1,1,0,1,0,0,0,0,0,0.075000,1954,69,13,4,608,9.4200,0.5389,43.109,1,267,5764,50.0,50.0,83.3,16.7
355,8,64,1,0,0,0,1,1,1,0,1,1,1,1,0.075000,1954,69,13,4,608,10.3500,0.5389,43.109,1,267,5764,16.7,83.3,50.0,50.0
355,12,64,1,1,0,0,0,1,1,1,0,0,0,1,0.076000,1953,69,13,4,608,2.4100,0.5389,43.109,1,267,5764,66.7,33.3,33.3,66.7
356,0,64,0,0,0,0,0,1,1,1,0,1,0,0,0.075000,1954,69,13,4,608,10.1100,0.5389,43.109,1,267,5764,83.3,16.7,50.0,50.0
358,18,64,0,0,0,0,1,0,0,0,1,1,1,0,0.075000,1954,69,13,4,608,9.7400,0.5389,43.109,1,267,5764,50.0,50.0,83.3,16.7
358,20,64,1,0,0,0,0,0,1,0,0,0,0,0,0.074000,1502,55,13,4,604,9.4200,0.4272,34.176,1,267,5764,66.7,33.3,100.0,0.0
359,28,64,1,1,1,1,1,1,1,1,0,1,0,1,0.075000,1910,68,13,4,597,13.4700,0.5389,43.109,1,267,5764,33.3,66.7,0.0,100.0
360,2,64,0,1,0,1,0,1,0,0,0,1,1,0,0.075000,1950,69,13,4,608,2.3800,0.5389,43.109,1,267,5764,83.3,16.7,33.3,66.7
360,14,64,1,0,0,0,0,0,0,1,1,1,1,1,0.075000,1962,69,13,4,608,10.2700,0.5389,43.109,1,267,5764,50.0,50.0,50.0,50.0
360,26,64,0,1,0,1,0,1,1,1,0,1,0,1,0.075000,1907,69,13,4,599,11.0700,0.5389,43.109,1,267,5764,83.3,16.7,0.0,100.0
361,11,64,0,1,0,1,0,1,0,1,1,1,1,0,0.075000,1955,69,13,4,608,2.5800,0.5389,43.109,1,267,5764,66.7,33.3,16.7,83.3
361,19,64,0,0,0,1,1,0,0,1,1,0,0,0,0.075000,1954,69,13,4,608,9.4900,0.5389,43.109,1,267,5764,66.7,33.3,66.7,33.3
361,26,64,1,1,0,0,0,1,0,0,0,0,0,1,0.076000,1952,69,13,4,608,2.0000,0.5389,43.109,1,267,5764,83.3,16.7,50.0,50.0
362,14,64,1,0,0,0,1,1,0,1,0,0,1,1,0.075000,1952,69,13,4,608,10.3900,0.5389,43.109,1,267,5764,50.0,50.0,50.0,50.0
362,22,64,0,1,0,1,1,1,1,1,1,1,1,1,0.075000,1909,68,13,4,597,16.1000,0.5389,43.109,1,267,5764,33.3,66.7,0.0,100.0
363,1,64,0,0,1,1,0,1,0,1,0,0,0,1,0.076000,1954,69,13,4,608,10.1600,0.5389,43.109,1,267,5764,83.3,16.7,33.3,66.7
363,8,64,1,0,0,1,0,0,0,0,0,0,0,1,0.075000,1954,69,13,4,608,9.5600,0.5389,43.109,1,267,5764,83.3,16.7,66.7,33.3
363,10,64,0,0,1,0,0,0,1,0,0,0,0,0,0.074000,1502,54,13,4,602,9.4200,0.4272,34.176,1,267,5764,66.7,33.3,100.0,0.0
364,11,64,1,0,0,0,0,1,1,1,1,1,1,1,0.075000,1954,69,13,4,608,22.5300,0.5389,43.109,1,267,5764,33.3,66.7,33.3,66.7
364,23,64,0,0,0,0,0,1,1,0,0,0,1,0,0.075000,1954,69,13,4,608,9.8200,0.5389,43.109,1,267,5764,66.7,33.3,83.3,16.7
365,9,64,1,1,0,0,1,1,1,1,0,0,1,1,0.076000,1969,69,13,4,608,3.7400,0.5393,43.147,1,267,5764,33.3,66.7,33.3,66.7
365,15,64,1,1,0,0,0,1,0,0,0,1,0,1,0.076000,1954,69,13,4,608,2.3800,0.5389,43.109,1,267,5764,83.3,16.7,33.3,66.7
365,22,64,0,0,0,0,0,0,1,0,0,0,0,1,0.075000,1959,69,13,4,608,9.4700,0.5389,43.109,1,267,5764,83.3,16.7,83.3,16.7
367,10,64,1,1,0,1,0,1,0,0,0,1,0,1,0.076000,1954,69,13,4,608,2.0100,0.5389,43.109,1,267,5764,83.3,16.7,16.7,83.3
370,10,64,1,0,1,0,0,0,1,0,0,0,0,1,0.075000,1959,69,13,4,608,9.4700,0.5389,43.109,1,267,5764,50.0,50.0,83.3,16.7
370,29,64,1,0,1,0,0,0,1,0,1,1,0,1,0.075000,1954,69,13,4,608,9.7800,0.5389,43.109,1,267,5764,33.3,66.7,66.7,33.3
371,4,64,1,0,0,0,0,0,1,1,1,1,1,1,0.075000,1962,69,13,4,608,10.7300,0.5389,43.109,1,267,5764,33.3,66.7,50.0,50.0
371,16,64,1,0,0,1,0,0,1,0,0,0,1,0,0.075000,1954,69,13,4,608,9.5700,0.5389,43.109,1,267,5764,50.0,50.0,83.3,16.7
372,5,64,1,1,0,1,0,1,0,0,0,1,1,0,0.076000,1950,69,13,4,608,2.2000,0.5389,43.109,1,267,5764,66.7,33.3,33.3,66.7
372,10,64,0,0,0,0,1,0,1,0,0,1,1,0,0.075000,1954,69,13,4,608,9.7000,0.5389,43.109,1,267,5764,50.0,50.0,83.3,16.7
372,21,64,0,0,1,1,0,1,0,1,1,1,0,1,0.076000,1955,69,13,4,608,11.3800,0.5389,43.109,1,267,5764,66.7,33.3,16.7,83.3
373,0,64,1,0,0,1,1,0,1,0,0,0,1,1,0.076000,1954,69,13,4,608,9.8000,0.5389,43.109,1,267,5764,33.3,66.7,66.7,33.3
374,13,64,0,0,1,0,0,0,1,0,0,0,1,1,0.075000,1959,69,13,4,608,9.8000,0.5389,43.109,1,267,5764,50.0,50.0,83.3,16.7
374,19,64,0,0,1,0,1,0,0,0,0,1,1,0,0.075000,1954,69,13,4,608,9.7800,0.5389,43.109,1,267,5764,50.0,50.0,83.3,16.7
375,1,64,0,0,1,0,0,1,0,0,1,1,0,0,0.075000,1954,69,13,4,608,10.0000,0.5389,43.109,1,267,5764,66.7,33.3,66.7,33.3
376,4,64,1,1,1,0,0,0,1,0,0,0,1,0,0.076000,1959,69,13,4,608,1.8700,0.5389,43.109,1,267,5764,33.3,66.7,83.3,16.7
376,5,64,0,0,0,0,0,1,1,1,0,0,1,0,0.075000,1954,69,13,4,608,9.9900,0.5389,43.109,1,267,5764,66.7,33.3,66.7,33.3
377,7,64,0,0,1,1,1,0,1,0,0,1,1,0,0.075000,1954,69,13,4,608,9.7000,0.5389,43.109,1,267,5764,33.3,66.7,66.7,33.3
377,16,64,0,0,0,0,1,0,1,0,0,0,1,1,0.075000,1959,69,13,4,608,9.8000,0.5389,43.109,1,267,5764,50.0,50.0,83.3,16.7
378,17,64,1,0,0,0,0,0,1,0,1,1,1,0,0.075000,1954,69,13,4,608,9.6900,0.5389,43.109,1,267,5764,33.3,66.7,83.3,16.7
379,21,64,1,1,0,0,0,0,1,0,0,0,1,0,0.076000,1959,69,13,4,608,2.0200,0.5389,43.109,1,267,5764,50.0,50.0,83.3,16.7
380,17,64,0,0,0,1,1,0,0,1,0,1,0,0,0.075000,1954,69,13,4,608,9.6600,0.5389,43.109,1,267,5764,83.3,16.7,50.0,50.0
380,18,64,1,0,0,0,0,1,1,1,0,1,0,0,0.075000,1954,69,13,4,608,10.1100,0.5389,43.109,1,267,5764,66.7,33.3,50.0,50.0
380,28,64,0,0,0,0,0,1,1,0,1,0,0,1,0.075000,1952,69,13,4,608,9.9500,0.5389,43.109,1,267,5764,66.7,33.3,66.7,33.3
382,6,64,1,0,1,0,0,0,1,0,0,0,1,1,0.075000,1959,69,13,4,608,9.8000,0.5389,43.109,1,267,5764,33.3,66.7,83.3,16.7
382,13,64,0,1,0,0,0,1,0,0,0,0,0,1,0.075000,1343,54,9,4,602,2.0700,0.3557,28.458,1,267,5764,100.0,0.0,50.0,50.0
385,5,64,1,1,1,1,1,1,1,1,0,0,1,0,0.076000,1954,69,13,4,608,2.8200,0.5391,43.130,1,267,5764,16.7,83.3,33.3,66.7
385,7,64,1,1,1,0,1,1,1,1,0,0,1,1,0.076000,1953,69,13,4,608,3.6400,0.5389,43.109,1,267,5764,16.7,83.3,33.3,66.7
385,18,64,1,0,1,0,0,1,0,1,0,0,0,0,0.075000,1956,68,13,4,606,10.0000,0.5389,43.109,1,267,5764,66.7,33.3,66.7,33.3
390,10,64,0,1,0,0,0,0,1,0,0,0,1,0,0.075000,1959,69,13,4,608,1.9000,0.5389,43.109,1,267,5764,66.7,33.3,83.3,16.7
390,27,64,1,1,0,0,1,1,0,0,0,0,1,0,0.076000,1954,69,13,4,608,2.0100,0.5389,43.109,1,267,5764,50.0,50.0,66.7,33.3
391,23,64,1,1,1,1,1,1,0,1,0,0,0,0,0.076000,1954,69,13,4,608,2.1400,0.5391,43.130,1,267,5764,50.0,50.0,33.3,66.7
391,29,64,1,0,1,0,0,0,1,1,0,1,1,0,0.075000,1965,69,13,4,608,9.7000,0.5389,43.109,1,267,5764,33.3,66.7,66.7,33.3
392,14,64,1,1,1,1,1,1,0,0,1,1,0,0,0.075000,1968,69,13,4,608,2.4200,0.5393,43.147,1,267,5764,33.3,66.7,33.3,66.7
392,20,64,0,1,1,0,1,1,1,1,1,1,1,1,0.076000,1952,69,13,4,608,7.6000,0.5389,43.109,1,267,5764,16.7,83.3,16.7,83.3
395,7,64,1,1,0,1,1,1,0,1,1,1,0,1,0.075000,1907,69,13,4,599,12.6200,0.5389,43.109,1,267,5764,50.0,50.0,0.0,100.0
396,19,64,1,0,0,0,0,0,1,1,0,0,1,0,0.075000,1954,69,13,4,608,9.5400,0.5389,43.109,1,267,5764,50.0,50.0,83.3,16.7
400,4,64,0,0,1,1,0,1,0,0,0,0,0,0,0.075000,1965,69,13,4,608,9.7100,0.5389,43.109,1,267,5764,83.3,16.7,66.7,33.3
400,10,64,0,0,0,1,1,1,0,0,0,0,1,0,0.075000,1965,69,13,4,608,9.9000,0.5389,43.109,1,267,5764,66.7,33.3,66.7,33.3
401,8,64,1,1,1,0,1,1,0,0,0,0,1,0,0.076000,1954,69,13,4,608,2.1600,0.5389,43.109,1,267,5764,33.3,66.7,66.7,33.3
401,22,64,0,0,1,1,1,0,0,1,0,0,0,1,0.076000,1954,69,13,4,608,9.6100,0.5389,43.109,1,267,5764,66.7,33.3,50.0,50.0
402,24,64,0,1,1,0,1,0,1,0,0,0,0,1,0.076000,1959,69,13,4,608,1.7800,0.5389,43.109,1,267,5764,50.0,50.0,66.7,33.3
